-- Building for: Visual Studio 17 2022
-- Selecting Windows SDK version 10.0.26100.0 to target Windows 10.0.26200.
-- The C compiler identification is MSVC 19.44.35217.0
-- The CXX compiler identification is MSVC 19.44.35217.0
-- Detecting C compiler ABI info
-- Detecting C compiler ABI info - done
-- Check for working C compiler: C:/Program Files/Microsoft Visual Studio/2022/Community/VC/Tools/MSVC/14.44.35207/bin/Hostx64/x64/cl.exe - skipped
-- Detecting C compile features
-- Detecting C compile features - done
-- Detecting CXX compiler ABI info
-- Detecting CXX compiler ABI info - done
-- Check for working CXX compiler: C:/Program Files/Microsoft Visual Studio/2022/Community/VC/Tools/MSVC/14.44.35207/bin/Hostx64/x64/cl.exe - skipped
-- Detecting CXX compile features
-- Detecting CXX compile features - done
-- Looking for pthread.h
-- Looking for pthread.h - not found
-- Found Threads: TRUE  
-- Including Win32 support
-- Shared libraries disabled
-- compiling zlib from sources
-- Looking for sys/types.h
-- Looking for sys/types.h - found
-- Looking for stdint.h
-- Looking for stdint.h - found
-- Looking for stddef.h
-- Looking for stddef.h - found
-- Check size of off64_t
-- Check size of off64_t - failed
-- Looking for fseeko
-- Looking for fseeko - not found
-- Looking for unistd.h
-- Looking for unistd.h - not found
-- Build an import-only version of Assimp.
-- Enabled importer formats: OBJ GLTF MMD
-- Disabled importer formats: AMF 3DS AC ASE ASSBIN B3D BVH COLLADA DXF CSM HMP IRRMESH IQM IRR LWO LWS M3D MD2 MD3 MD5 MDC MDL NFF NDO OFF OGRE OPENGEX PLY MS3D COB BLEND IFC XGL FBX Q3D Q3BSP RAW SIB SMD STL TERRAGEN 3D X X3D 3MF
-- Configuring done
-- Generating done
-- Build files have been written to: C:/Users/hoyo/Desktop/temp/learn/FGGP/build
閫傜敤浜?.NET Framework MSBuild 鐗堟湰 17.14.23+b0019275e

  Checking Build System
  Building Custom Rule C:/Users/hoyo/Desktop/temp/learn/FGGP/third-party/bullet3/src/BulletDynamics/CMakeLists.txt
  Building Custom Rule C:/Users/hoyo/Desktop/temp/learn/FGGP/third-party/assimp/contrib/zlib/CMakeLists.txt
  Building Custom Rule C:/Users/hoyo/Desktop/temp/learn/FGGP/CMakeLists.txt
  Building Custom Rule C:/Users/hoyo/Desktop/temp/learn/FGGP/third-party/glfw/src/CMakeLists.txt
  Building Custom Rule C:/Users/hoyo/Desktop/temp/learn/FGGP/third-party/bullet3/src/BulletCollision/CMakeLists.txt
  btKinematicCharacterController.cpp
  gl.c
  adler32.c
  context.c
  compress.c
  crc32.c
  deflate.c
  gzclose.c
  gzlib.c
  gzread.c
  Building Custom Rule C:/Users/hoyo/Desktop/temp/learn/FGGP/third-party/bullet3/src/LinearMath/CMakeLists.txt
  gzwrite.c
  btAxisSweep3.cpp
  inflate.c
  infback.c
  inftrees.c
  inffast.c
  trees.c
  uncompr.c
  zutil.c
  btAlignedAllocator.cpp
  姝ｅ湪鐢熸垚浠ｇ爜...
  btConvexHull.cpp
  btConvexHullComputer.cpp
  btBroadphaseProxy.cpp
  init.c
  btConeTwistConstraint.cpp
  btCollisionAlgorithm.cpp
  btGeometryUtil.cpp
  btDbvt.cpp
  btPolarDecomposition.cpp
  btContactConstraint.cpp
  input.c
  btQuickprof.cpp
  btDbvtBroadphase.cpp
  btFixedConstraint.cpp
  monitor.c
  btReducedVector.cpp
  btDispatcher.cpp
  btGearConstraint.cpp
  btOverlappingPairCache.cpp
  platform.c
  btQuantizedBvh.cpp
  btGeneric6DofConstraint.cpp
  btSerializer.cpp
  btSerializer64.cpp
  btThreads.cpp
  vulkan.c
  btGeneric6DofSpringConstraint.cpp
  zlibstatic.vcxproj -> C:\Users\hoyo\Desktop\temp\learn\FGGP\build\third-party\assimp\contrib\zlib\RelWithDebInfo\zlibstatic.lib
  btGeneric6DofSpring2Constraint.cpp
  window.c
  btVector3.cpp
  btSimpleBroadphase.cpp
  Building Custom Rule C:/Users/hoyo/Desktop/temp/learn/FGGP/third-party/assimp/code/CMakeLists.txt
  btTaskScheduler.cpp
  btHinge2Constraint.cpp
  btActivatingCollisionAlgorithm.cpp
  egl_context.c
  Assimp.cpp
  btThreadSupportPosix.cpp
  btThreadSupportWin32.cpp
  btHingeConstraint.cpp
  姝ｅ湪鐢熸垚浠ｇ爜...
  btBoxBoxCollisionAlgorithm.cpp
  osmesa_context.c
  btBox2dBox2dCollisionAlgorithm.cpp
  btPoint2PointConstraint.cpp
  null_init.c
  btSequentialImpulseConstraintSolver.cpp
  btBoxBoxDetector.cpp
  glad.vcxproj -> C:\Users\hoyo\Desktop\temp\learn\FGGP\build\RelWithDebInfo\glad.lib
  btCollisionDispatcher.cpp
  null_monitor.c
  btSequentialImpulseConstraintSolverMt.cpp
  btCollisionDispatcherMt.cpp
  null_window.c
  btBatchedConstraints.cpp
  btCollisionObject.cpp
  CInterfaceIOWrapper.cpp
  null_joystick.c
  btNNCGConstraintSolver.cpp
  win32_module.c
  btSliderConstraint.cpp
  btCollisionWorld.cpp
  Compression.cpp
  btSolve2LinearConstraint.cpp
  win32_time.c
  btTypedConstraint.cpp
  win32_thread.c
  btCollisionWorldImporter.cpp
  win32_init.c
  btUniversalConstraint.cpp
  BaseImporter.cpp
  win32_joystick.c
  btDiscreteDynamicsWorld.cpp
  LinearMath.vcxproj -> C:\Users\hoyo\Desktop\temp\learn\FGGP\build\third-party\bullet3\LinearMath\RelWithDebInfo\LinearMath.lib
  win32_monitor.c
  btCompoundCollisionAlgorithm.cpp
  btCompoundCompoundCollisionAlgorithm.cpp
  win32_window.c
  姝ｅ湪鐢熸垚浠ｇ爜...
  姝ｅ湪鐢熸垚浠ｇ爜...
  姝ｅ湪鐢熸垚浠ｇ爜...
  BaseProcess.cpp
  姝ｅ湪缂栬瘧...
  wgl_context.c
  姝ｅ湪鐢熸垚浠ｇ爜...
  PostStepRegistry.cpp
  glfw.vcxproj -> C:\Users\hoyo\Desktop\temp\learn\FGGP\build\third-party\glfw\src\RelWithDebInfo\glfw3.lib
  ImporterRegistry.cpp
  姝ｅ湪缂栬瘧...
  btConvexConcaveCollisionAlgorithm.cpp
  DefaultIOStream.cpp
  btConvexConvexAlgorithm.cpp
  IOSystem.cpp
  btConvexPlaneCollisionAlgorithm.cpp
  btConvex2dConvex2dAlgorithm.cpp
  btDefaultCollisionConfiguration.cpp
  DefaultIOSystem.cpp
  btEmptyCollisionAlgorithm.cpp
  btGhostObject.cpp
  姝ｅ湪缂栬瘧...
  btDiscreteDynamicsWorldMt.cpp
  btHashedSimplePairCache.cpp
  btInternalEdgeUtility.cpp
  ZipArchiveIOSystem.cpp
  btSimulationIslandManagerMt.cpp
  btManifoldResult.cpp
  btRigidBody.cpp
  btSimulationIslandManager.cpp
  btSphereBoxCollisionAlgorithm.cpp
  btSimpleDynamicsWorld.cpp
  Importer.cpp
  btSphereSphereCollisionAlgorithm.cpp
  btRaycastVehicle.cpp
  btSphereTriangleCollisionAlgorithm.cpp
  btWheelInfo.cpp
  btUnionFind.cpp
  SphereTriangleDetector.cpp
  btMultiBody.cpp
  btBoxShape.cpp
  btBox2dShape.cpp
  btBvhTriangleMeshShape.cpp
  btMultiBodyConstraint.cpp
  btMultiBodyConstraintSolver.cpp
  btCapsuleShape.cpp
  SGSpatialSort.cpp
  姝ｅ湪鐢熸垚浠ｇ爜...
  btMultiBodyDynamicsWorld.cpp
  VertexTriangleAdjacency.cpp
  btMultiBodyFixedConstraint.cpp
  SpatialSort.cpp
  SceneCombiner.cpp
  btMultiBodyGearConstraint.cpp
  btMultiBodyJointLimitConstraint.cpp
  btMultiBodyJointMotor.cpp
  ScenePreprocessor.cpp
  姝ｅ湪缂栬瘧...
  btCollisionShape.cpp
  btMultiBodyMLCPConstraintSolver.cpp
  btCompoundShape.cpp
  SkeletonMeshBuilder.cpp
  btMultiBodyPoint2Point.cpp
  btConcaveShape.cpp
  btConeShape.cpp
  StandardShapes.cpp
  btMultiBodySliderConstraint.cpp
  btConvexHullShape.cpp
  TargetAnimation.cpp
  btConvexInternalShape.cpp
  btMultiBodySphericalJointMotor.cpp
  btConvexPointCloudShape.cpp
  btConvexPolyhedron.cpp
  姝ｅ湪鐢熸垚浠ｇ爜...
  btMultiBodySphericalJointLimit.cpp
  btConvexShape.cpp
  btConvex2dShape.cpp
  btConvexTriangleMeshShape.cpp
  btDantzigLCP.cpp
  姝ｅ湪鐢熸垚浠ｇ爜...
  btCylinderShape.cpp
  btEmptyShape.cpp
  btHeightfieldTerrainShape.cpp
  btMiniSDF.cpp
  btMinkowskiSumShape.cpp
  btMultimaterialTriangleMeshShape.cpp
  btMultiSphereShape.cpp
  btOptimizedBvh.cpp
  btPolyhedralConvexShape.cpp
  姝ｅ湪鐢熸垚浠ｇ爜...
  姝ｅ湪缂栬瘧...
  RemoveComments.cpp
  姝ｅ湪缂栬瘧...
  btScaledBvhTriangleMeshShape.cpp
  btSdfCollisionShape.cpp
  btShapeHull.cpp
  Subdivision.cpp
  btSphereShape.cpp
  btStaticPlaneShape.cpp
  btStridingMeshInterface.cpp
  btTetrahedronShape.cpp
  btTriangleBuffer.cpp
  btTriangleCallback.cpp
  btTriangleIndexVertexArray.cpp
  scene.cpp
  btTriangleIndexVertexMaterialArray.cpp
  btTriangleMesh.cpp
  btTriangleMeshShape.cpp
  btUniformScalingShape.cpp
  Bitmap.cpp
  btContactProcessing.cpp
  btGenericPoolAllocator.cpp
  btGImpactBvh.cpp
  Version.cpp
  btGImpactCollisionAlgorithm.cpp
  btGImpactQuantizedBvh.cpp
  CreateAnimMesh.cpp
  btGImpactShape.cpp
  姝ｅ湪鐢熸垚浠ｇ爜...
  simd.cpp
  material.cpp
  AssertHandler.cpp
  姝ｅ湪缂栬瘧...
  btMLCPSolver.cpp
  btLemkeAlgorithm.cpp
  姝ｅ湪鐢熸垚浠ｇ爜...
  Exceptional.cpp
  Base64.cpp
  BulletDynamics.vcxproj -> C:\Users\hoyo\Desktop\temp\learn\FGGP\build\third-party\bullet3\BulletDynamics\RelWithDebInfo\BulletDynamics.lib
  DefaultLogger.cpp
  姝ｅ湪缂栬瘧...
  btTriangleShapeEx.cpp
  gim_box_set.cpp
  gim_contact.cpp
  gim_memory.cpp
  gim_tri_collision.cpp
  btContinuousConvexCollision.cpp
  btConvexCast.cpp
  CalcTangentsProcess.cpp
  btGjkConvexCast.cpp
  btGjkEpa2.cpp
  btGjkEpaPenetrationDepthSolver.cpp
  btGjkPairDetector.cpp
  btMinkowskiPenetrationDepthSolver.cpp
  btPersistentManifold.cpp
  ComputeUVMappingProcess.cpp
  btRaycastCallback.cpp
  btSubSimplexConvexCast.cpp
  btVoronoiSimplexSolver.cpp
  btPolyhedralContactClipping.cpp
  姝ｅ湪鐢熸垚浠ｇ爜...
  ConvertToLHProcess.cpp
  EmbedTexturesProcess.cpp
  FindDegenerates.cpp
  FindInstancesProcess.cpp
  FindInvalidDataProcess.cpp
  BulletCollision.vcxproj -> C:\Users\hoyo\Desktop\temp\learn\FGGP\build\third-party\bullet3\BulletCollision\RelWithDebInfo\BulletCollision.lib
  FixNormalsStep.cpp
  姝ｅ湪鐢熸垚浠ｇ爜...
  姝ｅ湪缂栬瘧...
  DropFaceNormalsProcess.cpp
  GenFaceNormalsProcess.cpp
  GenVertexNormalsProcess.cpp
  PretransformVertices.cpp
  ImproveCacheLocality.cpp
  JoinVerticesProcess.cpp
  LimitBoneWeightsProcess.cpp
  RemoveRedundantMaterials.cpp
  RemoveVCProcess.cpp
  SortByPTypeProcess.cpp
  SplitLargeMeshes.cpp
  TextureTransform.cpp
  TriangulateProcess.cpp
  ValidateDataStructure.cpp
  OptimizeGraph.cpp
  OptimizeMeshes.cpp
  DeboneProcess.cpp
  ProcessHelper.cpp
  MakeVerboseFormat.cpp
  ScaleProcess.cpp
  姝ｅ湪鐢熸垚浠ｇ爜...
  姝ｅ湪缂栬瘧...
  ArmaturePopulate.cpp
  GenBoundingBoxesProcess.cpp
  SplitByBoneCountProcess.cpp
  MaterialSystem.cpp
  STEPFileReader.cpp
  STEPFileEncoding.cpp
  ObjFileImporter.cpp
  ObjFileMtlImporter.cpp
  ObjFileParser.cpp
  glTFCommon.cpp
  glTFImporter.cpp
  glTF2Importer.cpp
  MMDImporter.cpp
  MMDPmxParser.cpp
  shapes.cc
  advancing_front.cc
  cdt.cc
  sweep.cc
  sweep_context.cc
  clipper.cpp
  姝ｅ湪鐢熸垚浠ｇ爜...
  姝ｅ湪缂栬瘧...
  OpenDDLParser.cpp
  DDLNode.cpp
  OpenDDLCommon.cpp
  OpenDDLExport.cpp
  Value.cpp
  OpenDDLStream.cpp
  o3dgcArithmeticCodec.cpp
  o3dgcDynamicVectorDecoder.cpp
  o3dgcDynamicVectorEncoder.cpp
  o3dgcTools.cpp
  o3dgcTriangleFans.cpp
  姝ｅ湪鐢熸垚浠ｇ爜...
  crypt.c
  ioapi.c
  unzip.c
  姝ｅ湪鐢熸垚浠ｇ爜...
  assimp.vcxproj -> C:\Users\hoyo\Desktop\temp\learn\FGGP\build\third-party\assimp\lib\RelWithDebInfo\assimp-vc143-mt.lib
  Building Custom Rule C:/Users/hoyo/Desktop/temp/learn/FGGP/CMakeLists.txt
  cmake_pch.cxx
  stb_image.cpp
  application.cpp
  demo_scene.cpp
  window.cpp
  window_manager.cpp
  shader.cpp
  vbo.cpp
  vao.cpp
  ebo.cpp
  texture.cpp
  camera.cpp
  input.cpp
  timer.cpp
  model.cpp
  transform.cpp
  root_motion.cpp
  behaviour.cpp
  render_part.cpp
  model_asset.cpp
  mmd_physics_asset.cpp
  姝ｅ湪鐢熸垚浠ｇ爜...
  姝ｅ湪缂栬瘧...
  mmd_physics_instance.cpp
  physics_types.cpp
  physics_bullet_conversion.cpp
  physics_world.cpp
  morph.cpp
  skeleton.cpp
  pose.cpp
  pose_buffer.cpp
  mmd_pose_solver.cpp
  animation.cpp
  animation_state_machine.cpp
  animator.cpp
  vmd_importer.cpp
  importer.cpp
  entity.cpp
  scene.cpp
  renderer.cpp
  framebuffer.cpp
  environment.cpp
  manager.cpp
  姝ｅ湪鐢熸垚浠ｇ爜...
  姝ｅ湪缂栬瘧...
  light.cpp
  cube.cpp
  mesh.cpp
  material.cpp
  姝ｅ湪鐢熸垚浠ｇ爜...
  wisteria_core.vcxproj -> C:\Users\hoyo\Desktop\temp\learn\FGGP\build\RelWithDebInfo\wisteria_core.lib
  Building Custom Rule C:/Users/hoyo/Desktop/temp/learn/FGGP/CMakeLists.txt
  Building Custom Rule C:/Users/hoyo/Desktop/temp/learn/FGGP/CMakeLists.txt
  main.cpp
  core_tests.cpp
  wisteria.vcxproj -> C:\Users\hoyo\Desktop\temp\learn\FGGP\build\RelWithDebInfo\wisteria.exe
  wisteria_tests.vcxproj -> C:\Users\hoyo\Desktop\temp\learn\FGGP\build\RelWithDebInfo\wisteria_tests.exe
  Building Custom Rule C:/Users/hoyo/Desktop/temp/learn/FGGP/CMakeLists.txt
[INFO] Full-body demo loaded VMD: C:\Users\hoyo\Desktop\temp\learn\FGGP\assets\motions\皮卡皮卡皮卡丘+\身体动作.vmd
[MMD INIT STAGE] stage=before-reset steps=0 finite=true maxJointPos=7.89582e-06 maxJointRotDeg=0.0395647 maxLinearViolation=7.62939e-06 maxAngularViolationDeg=2.90283e-05 stabilizationLinearViolation=7.62939e-06 stabilizationAngularViolationDeg=2.90283e-05 ignoredWideTravelJoints=48 severeJoints=0 jointIndex=274 joint="Skirt_1_1" bodyA="Skirt_0_1" bodyB="Skirt_1_1" linearViolationJointIndex=274 linearViolationJoint="Skirt_1_1" angularViolationJointIndex=44 angularViolationJoint="B"
[MMD INIT STAGE] stage=after-reset steps=0 finite=true maxJointPos=13.0718 maxJointRotDeg=94.7784 maxLinearViolation=7.62939e-06 maxAngularViolationDeg=97.5159 stabilizationLinearViolation=7.62939e-06 stabilizationAngularViolationDeg=1.96368e-05 ignoredWideTravelJoints=48 severeJoints=0 jointIndex=510 joint="S" bodyA="B" bodyB="B" linearViolationJointIndex=157 linearViolationJoint="Ctr_L_HairB_01" angularViolationJointIndex=510 angularViolationJoint="S"
[MMD ALIGN] bodies=495 joints=568 bindSpace=identity skinBindMax=5.96046e-08 bindPosMax=2.98023e-08 bindRotMaxDeg=0 createBulletPosMax=5.96046e-08 createBulletRotMaxDeg=0 postResetPosMax=5.96046e-08 postResetRotMaxDeg=0.0395647
[INFO] MMD full-body demo: demoExternalVmd | tracks=55 | rigidBodies=495
[PHYSICS STATS] build=RelWithDebInfo fps=0 frameMs=0 physicsMs=0 peakPhysicsMs=0 fixedMs=16.6667 substeps=0 peakSubsteps=0 stabilizationSubsteps=0 accumulatorMs=0 droppedMs=0 peakDroppedMs=0 catchUpLimited=false bodies=0 static=0 dynamic=0 kinematic=0 ccdBodies=0 boxMarginMin=0 boxMarginMax=0 solverIterations=0 splitImpulse=false splitImpulseThreshold=0 recoveryChains=9 recoveryPhysicsTicks=0 recoveries=0 recoveredBodies=0 largestRecoveryRegion=0 pendingRecoveryChains=0 recoveryCooldownChains=0 recoveryFusedChains=0 recoveryFuseTrips=0 suppressedRecoveries=0 mode2Sync=ROTATION_ONLY fidelityDebug=OFF drivenBones=0 mode2Bodies=0 sampledVertices=0 bulletBonePosMax=0 bulletBonePosAvg=0 bulletBoneRotMaxDeg=0 bulletBoneRotAvgDeg=0 mode2DeltaMax=0 mode2DeltaAvg=0 active=0 sleeping=0 constraints=0 manifolds=0 contacts=0 peakContacts=0 finite=true
[MMD INIT STAGE] stage=before-reset steps=0 finite=true maxJointPos=13.0718 maxJointRotDeg=94.7784 maxLinearViolation=7.62939e-06 maxAngularViolationDeg=97.5159 stabilizationLinearViolation=7.62939e-06 stabilizationAngularViolationDeg=1.96368e-05 ignoredWideTravelJoints=48 severeJoints=0 jointIndex=510 joint="S" bodyA="B" bodyB="B" linearViolationJointIndex=157 linearViolationJoint="Ctr_L_HairB_01" angularViolationJointIndex=510 angularViolationJoint="S"
[MMD INIT STAGE] stage=after-reset steps=0 finite=true maxJointPos=13.0716 maxJointRotDeg=94.7772 maxLinearViolation=7.62939e-06 maxAngularViolationDeg=97.5142 stabilizationLinearViolation=7.62939e-06 stabilizationAngularViolationDeg=2.5293e-05 ignoredWideTravelJoints=48 severeJoints=0 jointIndex=512 joint="S" bodyA="B" bodyB="B" linearViolationJointIndex=35 linearViolationJoint="B" angularViolationJointIndex=510 angularViolationJoint="S"
[MMD INIT STAGE] stage=pre-warmup-reset steps=0 finite=true maxJointPos=13.0716 maxJointRotDeg=94.7772 maxLinearViolation=7.62939e-06 maxAngularViolationDeg=97.5142 stabilizationLinearViolation=7.62939e-06 stabilizationAngularViolationDeg=2.5293e-05 ignoredWideTravelJoints=48 severeJoints=0 jointIndex=512 joint="S" bodyA="B" bodyB="B" linearViolationJointIndex=35 linearViolationJoint="B" angularViolationJointIndex=510 angularViolationJoint="S"
[MMD INIT] warmup=not_required maxLinearViolation=7.62939e-06 maxAngularViolationDeg=2.5293e-05
[MMD RECOVERY] chain=6 localBodies=5 chainBodies=24 reason=runaway seedBody=425:"宸d_19" joint=none abnormalMs=450 positionError=9.97226 linearViolation=0 angularViolationDeg=0 linearSpeed=0 angularSpeed=0 total=1
[MMD RECOVERY] chain=5 localBodies=5 chainBodies=24 reason=runaway seedBody=444:"鍙硍d_19" joint=none abnormalMs=450 positionError=9.7386 linearViolation=0 angularViolationDeg=0 linearSpeed=0 angularSpeed=0 total=2
[MMD RECOVERY] chain=1 localBodies=12 chainBodies=99 reason=joint_violation seedBody=311:"Skirt_2_1" joint=316:"Skirt_3_1" abnormalMs=450 positionError=1.74508 linearViolation=1.66288 angularViolationDeg=4.7521 linearSpeed=0 angularSpeed=0 total=3
[PHYSICS STATS] build=RelWithDebInfo fps=652.997 frameMs=1.5314 physicsMs=0.4169 peakPhysicsMs=11.7451 fixedMs=16.6667 substeps=0 peakSubsteps=4 stabilizationSubsteps=0 accumulatorMs=15.5549 droppedMs=0 peakDroppedMs=33.4463 catchUpLimited=false bodies=495 static=0 dynamic=457 kinematic=38 ccdBodies=325 boxMarginMin=0.008 boxMarginMax=0.04 solverIterations=15 splitImpulse=true splitImpulseThreshold=-0.02 recoveryChains=9 recoveryPhysicsTicks=57 recoveries=3 recoveredBodies=22 largestRecoveryRegion=12 pendingRecoveryChains=1 recoveryCooldownChains=3 recoveryFusedChains=0 recoveryFuseTrips=0 suppressedRecoveries=0 mode2Sync=ROTATION_ONLY fidelityDebug=OFF drivenBones=457 mode2Bodies=383 sampledVertices=0 bulletBonePosMax=8.00703 bulletBonePosAvg=0.941046 bulletBoneRotMaxDeg=0 bulletBoneRotAvgDeg=0 mode2DeltaMax=7.91579 mode2DeltaAvg=1.16633 active=495 sleeping=0 constraints=565 manifolds=1499 contacts=498 peakContacts=775 finite=true
[PHYSICS STATS] build=RelWithDebInfo fps=528.765 frameMs=1.8912 physicsMs=5.3035 peakPhysicsMs=11.9307 fixedMs=16.6667 substeps=1 peakSubsteps=4 stabilizationSubsteps=0 accumulatorMs=0.0620998 droppedMs=0 peakDroppedMs=33.4463 catchUpLimited=false bodies=495 static=0 dynamic=457 kinematic=38 ccdBodies=325 boxMarginMin=0.008 boxMarginMax=0.04 solverIterations=15 splitImpulse=true splitImpulseThreshold=-0.02 recoveryChains=9 recoveryPhysicsTicks=118 recoveries=3 recoveredBodies=22 largestRecoveryRegion=12 pendingRecoveryChains=3 recoveryCooldownChains=3 recoveryFusedChains=0 recoveryFuseTrips=0 suppressedRecoveries=0 mode2Sync=ROTATION_ONLY fidelityDebug=OFF drivenBones=457 mode2Bodies=383 sampledVertices=0 bulletBonePosMax=10.6129 bulletBonePosAvg=1.33164 bulletBoneRotMaxDeg=0.0395647 bulletBoneRotAvgDeg=8.65748e-05 mode2DeltaMax=10.6764 mode2DeltaAvg=1.66046 active=495 sleeping=0 constraints=565 manifolds=1566 contacts=509 peakContacts=775 finite=true
[MMD RECOVERY] chain=1 localBodies=5 chainBodies=99 reason=runaway seedBody=328:"Skirt_19_1" joint=none abnormalMs=1366.67 positionError=12.0337 linearViolation=0 angularViolationDeg=0 linearSpeed=0 angularSpeed=0 total=4
[MMD RECOVERY] chain=1 localBodies=5 chainBodies=99 reason=runaway seedBody=328:"Skirt_19_1" joint=none abnormalMs=100 positionError=12.023 linearViolation=0 angularViolationDeg=0 linearSpeed=0 angularSpeed=0 total=5
[MMD RECOVERY FUSE] chain=1 tripped=true durationMs=10000 recoveriesInWindow=3 totalTrips=1
[MMD RECOVERY FUSE] chain=1 reason=runaway remainingMs=9800 suppressed=1
[PHYSICS STATS] build=RelWithDebInfo fps=560.727 frameMs=1.7834 physicsMs=5.7598 peakPhysicsMs=11.9307 fixedMs=16.6667 substeps=1 peakSubsteps=4 stabilizationSubsteps=0 accumulatorMs=0.841948 droppedMs=0 peakDroppedMs=33.4463 catchUpLimited=false bodies=495 static=0 dynamic=457 kinematic=38 ccdBodies=325 boxMarginMin=0.008 boxMarginMax=0.04 solverIterations=15 splitImpulse=true splitImpulseThreshold=-0.02 recoveryChains=9 recoveryPhysicsTicks=178 recoveries=5 recoveredBodies=32 largestRecoveryRegion=12 pendingRecoveryChains=1 recoveryCooldownChains=3 recoveryFusedChains=1 recoveryFuseTrips=1 suppressedRecoveries=1 mode2Sync=ROTATION_ONLY fidelityDebug=OFF drivenBones=457 mode2Bodies=383 sampledVertices=0 bulletBonePosMax=15.2504 bulletBonePosAvg=1.43467 bulletBoneRotMaxDeg=0.0395647 bulletBoneRotAvgDeg=0.000259724 mode2DeltaMax=15.2984 mode2DeltaAvg=1.78847 active=495 sleeping=0 constraints=565 manifolds=1559 contacts=492 peakContacts=775 finite=true
[MMD RECOVERY] chain=5 localBodies=5 chainBodies=24 reason=runaway seedBody=444:"鍙硍d_19" joint=none abnormalMs=233.333 positionError=10.0538 linearViolation=0 angularViolationDeg=0 linearSpeed=0 angularSpeed=0 total=6
[MMD RECOVERY] chain=6 localBodies=5 chainBodies=24 reason=runaway seedBody=425:"宸d_19" joint=none abnormalMs=700 positionError=7.62662 linearViolation=0 angularViolationDeg=0 linearSpeed=0 angularSpeed=0 total=7
[PHYSICS STATS] build=RelWithDebInfo fps=134.582 frameMs=7.4304 physicsMs=0.6405 peakPhysicsMs=11.9307 fixedMs=16.6667 substeps=0 peakSubsteps=4 stabilizationSubsteps=0 accumulatorMs=7.4471 droppedMs=0 peakDroppedMs=33.4463 catchUpLimited=false bodies=495 static=0 dynamic=457 kinematic=38 ccdBodies=325 boxMarginMin=0.008 boxMarginMax=0.04 solverIterations=15 splitImpulse=true splitImpulseThreshold=-0.02 recoveryChains=9 recoveryPhysicsTicks=238 recoveries=7 recoveredBodies=42 largestRecoveryRegion=12 pendingRecoveryChains=2 recoveryCooldownChains=3 recoveryFusedChains=1 recoveryFuseTrips=1 suppressedRecoveries=1 mode2Sync=ROTATION_ONLY fidelityDebug=OFF drivenBones=457 mode2Bodies=383 sampledVertices=0 bulletBonePosMax=22.507 bulletBonePosAvg=1.38158 bulletBoneRotMaxDeg=0.0395647 bulletBoneRotAvgDeg=8.65748e-05 mode2DeltaMax=22.798 mode2DeltaAvg=1.71476 active=495 sleeping=0 constraints=565 manifolds=1551 contacts=459 peakContacts=775 finite=true
[PHYSICS STATS] build=RelWithDebInfo fps=508.518 frameMs=1.9665 physicsMs=0.6404 peakPhysicsMs=12.0761 fixedMs=16.6667 substeps=0 peakSubsteps=4 stabilizationSubsteps=0 accumulatorMs=9.22625 droppedMs=0 peakDroppedMs=33.4463 catchUpLimited=false bodies=495 static=0 dynamic=457 kinematic=38 ccdBodies=325 boxMarginMin=0.008 boxMarginMax=0.04 solverIterations=15 splitImpulse=true splitImpulseThreshold=-0.02 recoveryChains=9 recoveryPhysicsTicks=298 recoveries=7 recoveredBodies=42 largestRecoveryRegion=12 pendingRecoveryChains=1 recoveryCooldownChains=3 recoveryFusedChains=1 recoveryFuseTrips=1 suppressedRecoveries=1 mode2Sync=ROTATION_ONLY fidelityDebug=OFF drivenBones=457 mode2Bodies=383 sampledVertices=0 bulletBonePosMax=25.899 bulletBonePosAvg=1.58788 bulletBoneRotMaxDeg=0.0395647 bulletBoneRotAvgDeg=0.000259724 mode2DeltaMax=26.3088 mode2DeltaAvg=1.98164 active=495 sleeping=0 constraints=565 manifolds=1544 contacts=522 peakContacts=775 finite=true
[PHYSICS STATS] build=RelWithDebInfo fps=503.069 frameMs=1.9878 physicsMs=0.6824 peakPhysicsMs=12.0761 fixedMs=16.6667 substeps=0 peakSubsteps=4 stabilizationSubsteps=0 accumulatorMs=10.2996 droppedMs=0 peakDroppedMs=33.4463 catchUpLimited=false bodies=495 static=0 dynamic=457 kinematic=38 ccdBodies=325 boxMarginMin=0.008 boxMarginMax=0.04 solverIterations=15 splitImpulse=true splitImpulseThreshold=-0.02 recoveryChains=9 recoveryPhysicsTicks=358 recoveries=7 recoveredBodies=42 largestRecoveryRegion=12 pendingRecoveryChains=1 recoveryCooldownChains=2 recoveryFusedChains=1 recoveryFuseTrips=1 suppressedRecoveries=1 mode2Sync=ROTATION_ONLY fidelityDebug=OFF drivenBones=457 mode2Bodies=383 sampledVertices=0 bulletBonePosMax=21.4623 bulletBonePosAvg=1.67754 bulletBoneRotMaxDeg=0.0395647 bulletBoneRotAvgDeg=8.65748e-05 mode2DeltaMax=21.7515 mode2DeltaAvg=2.09649 active=495 sleeping=0 constraints=565 manifolds=1588 contacts=490 peakContacts=775 finite=true
[PHYSICS STATS] build=RelWithDebInfo fps=599.269 frameMs=1.6687 physicsMs=0.6372 peakPhysicsMs=12.0761 fixedMs=16.6667 substeps=0 peakSubsteps=4 stabilizationSubsteps=0 accumulatorMs=11.3318 droppedMs=0 peakDroppedMs=33.4463 catchUpLimited=false bodies=495 static=0 dynamic=457 kinematic=38 ccdBodies=325 boxMarginMin=0.008 boxMarginMax=0.04 solverIterations=15 splitImpulse=true splitImpulseThreshold=-0.02 recoveryChains=9 recoveryPhysicsTicks=418 recoveries=7 recoveredBodies=42 largestRecoveryRegion=12 pendingRecoveryChains=2 recoveryCooldownChains=0 recoveryFusedChains=1 recoveryFuseTrips=1 suppressedRecoveries=1 mode2Sync=ROTATION_ONLY fidelityDebug=OFF drivenBones=457 mode2Bodies=383 sampledVertices=0 bulletBonePosMax=21.1161 bulletBonePosAvg=1.88728 bulletBoneRotMaxDeg=0.0395647 bulletBoneRotAvgDeg=0.000259724 mode2DeltaMax=21.3586 mode2DeltaAvg=2.3539 active=495 sleeping=0 constraints=565 manifolds=1593 contacts=504 peakContacts=775 finite=true
[PHYSICS STATS] build=RelWithDebInfo fps=484.567 frameMs=2.0637 physicsMs=0.7288 peakPhysicsMs=12.0761 fixedMs=16.6667 substeps=0 peakSubsteps=4 stabilizationSubsteps=0 accumulatorMs=11.3587 droppedMs=0 peakDroppedMs=33.4463 catchUpLimited=false bodies=495 static=0 dynamic=457 kinematic=38 ccdBodies=325 boxMarginMin=0.008 boxMarginMax=0.04 solverIterations=15 splitImpulse=true splitImpulseThreshold=-0.02 recoveryChains=9 recoveryPhysicsTicks=478 recoveries=7 recoveredBodies=42 largestRecoveryRegion=12 pendingRecoveryChains=3 recoveryCooldownChains=0 recoveryFusedChains=1 recoveryFuseTrips=1 suppressedRecoveries=1 mode2Sync=ROTATION_ONLY fidelityDebug=OFF drivenBones=457 mode2Bodies=383 sampledVertices=0 bulletBonePosMax=20.1731 bulletBonePosAvg=1.98224 bulletBoneRotMaxDeg=0.0395647 bulletBoneRotAvgDeg=0.00017315 mode2DeltaMax=20.4793 mode2DeltaAvg=2.4782 active=495 sleeping=0 constraints=565 manifolds=1835 contacts=453 peakContacts=775 finite=true
[MMD RECOVERY] chain=0 localBodies=5 chainBodies=290 reason=runaway seedBody=268:"Skirt_11_1" joint=none abnormalMs=450 positionError=6.57796 linearViolation=0 angularViolationDeg=0 linearSpeed=0 angularSpeed=0 total=8
[MMD RECOVERY] chain=6 localBodies=5 chainBodies=24 reason=runaway seedBody=425:"宸d_19" joint=none abnormalMs=450 positionError=6.94304 linearViolation=0 angularViolationDeg=0 linearSpeed=0 angularSpeed=0 total=9
[MMD RECOVERY FUSE] chain=6 tripped=true durationMs=10000 recoveriesInWindow=3 totalTrips=2
[PHYSICS STATS] build=RelWithDebInfo fps=521.703 frameMs=1.9168 physicsMs=0.6482 peakPhysicsMs=12.0761 fixedMs=16.6667 substeps=0 peakSubsteps=4 stabilizationSubsteps=0 accumulatorMs=11.713 droppedMs=0 peakDroppedMs=33.4463 catchUpLimited=false bodies=495 static=0 dynamic=457 kinematic=38 ccdBodies=325 boxMarginMin=0.008 boxMarginMax=0.04 solverIterations=15 splitImpulse=true splitImpulseThreshold=-0.02 recoveryChains=9 recoveryPhysicsTicks=538 recoveries=9 recoveredBodies=52 largestRecoveryRegion=12 pendingRecoveryChains=2 recoveryCooldownChains=2 recoveryFusedChains=2 recoveryFuseTrips=2 suppressedRecoveries=1 mode2Sync=ROTATION_ONLY fidelityDebug=OFF drivenBones=457 mode2Bodies=383 sampledVertices=0 bulletBonePosMax=24.2959 bulletBonePosAvg=2.10427 bulletBoneRotMaxDeg=0.0395647 bulletBoneRotAvgDeg=0.000346299 mode2DeltaMax=24.6861 mode2DeltaAvg=2.62139 active=495 sleeping=0 constraints=565 manifolds=1875 contacts=453 peakContacts=775 finite=true
[PHYSICS STATS] build=RelWithDebInfo fps=548.486 frameMs=1.8232 physicsMs=0.636 peakPhysicsMs=12.0761 fixedMs=16.6667 substeps=0 peakSubsteps=4 stabilizationSubsteps=0 accumulatorMs=12.1785 droppedMs=0 peakDroppedMs=33.4463 catchUpLimited=false bodies=495 static=0 dynamic=457 kinematic=38 ccdBodies=325 boxMarginMin=0.008 boxMarginMax=0.04 solverIterations=15 splitImpulse=true splitImpulseThreshold=-0.02 recoveryChains=9 recoveryPhysicsTicks=598 recoveries=9 recoveredBodies=52 largestRecoveryRegion=12 pendingRecoveryChains=2 recoveryCooldownChains=2 recoveryFusedChains=2 recoveryFuseTrips=2 suppressedRecoveries=1 mode2Sync=ROTATION_ONLY fidelityDebug=OFF drivenBones=457 mode2Bodies=383 sampledVertices=0 bulletBonePosMax=18.3426 bulletBonePosAvg=1.90682 bulletBoneRotMaxDeg=0.0395647 bulletBoneRotAvgDeg=0.000259724 mode2DeltaMax=18.5713 mode2DeltaAvg=2.38113 active=495 sleeping=0 constraints=565 manifolds=1705 contacts=504 peakContacts=775 finite=true
[PHYSICS STATS] build=RelWithDebInfo fps=550.025 frameMs=1.8181 physicsMs=0.6341 peakPhysicsMs=12.0761 fixedMs=16.6667 substeps=0 peakSubsteps=4 stabilizationSubsteps=0 accumulatorMs=12.555 droppedMs=0 peakDroppedMs=33.4463 catchUpLimited=false bodies=495 static=0 dynamic=457 kinematic=38 ccdBodies=325 boxMarginMin=0.008 boxMarginMax=0.04 solverIterations=15 splitImpulse=true splitImpulseThreshold=-0.02 recoveryChains=9 recoveryPhysicsTicks=658 recoveries=9 recoveredBodies=52 largestRecoveryRegion=12 pendingRecoveryChains=3 recoveryCooldownChains=2 recoveryFusedChains=2 recoveryFuseTrips=2 suppressedRecoveries=1 mode2Sync=ROTATION_ONLY fidelityDebug=OFF drivenBones=457 mode2Bodies=383 sampledVertices=0 bulletBonePosMax=19.3686 bulletBonePosAvg=1.90528 bulletBoneRotMaxDeg=0.0395647 bulletBoneRotAvgDeg=0.000259724 mode2DeltaMax=19.6296 mode2DeltaAvg=2.38056 active=495 sleeping=0 constraints=565 manifolds=1791 contacts=501 peakContacts=775 finite=true
[MMD RECOVERY] chain=0 localBodies=5 chainBodies=290 reason=runaway seedBody=217:"Skirt_11_1" joint=none abnormalMs=2183.33 positionError=9.98723 linearViolation=0 angularViolationDeg=0 linearSpeed=0 angularSpeed=0 total=10
[MMD INIT STAGE] stage=before-reset steps=0 finite=true maxJointPos=16.5199 maxJointRotDeg=89.6982 maxLinearViolation=1.22823 maxAngularViolationDeg=69.6751 stabilizationLinearViolation=1.22823 stabilizationAngularViolationDeg=69.6751 ignoredWideTravelJoints=48 severeJoints=23 jointIndex=107 joint="S" bodyA="B" bodyB="B" linearViolationJointIndex=333 linearViolationJoint="Skirt_2_1B" angularViolationJointIndex=65 angularViolationJoint="B"
[MMD INIT STAGE] stage=after-reset steps=0 finite=true maxJointPos=13.0697 maxJointRotDeg=94.7667 maxLinearViolation=5.72205e-06 maxAngularViolationDeg=97.5 stabilizationLinearViolation=5.72205e-06 stabilizationAngularViolationDeg=2.90283e-05 ignoredWideTravelJoints=48 severeJoints=0 jointIndex=510 joint="S" bodyA="B" bodyB="B" linearViolationJointIndex=10 linearViolationJoint="Ctr_F_HairNewA_01" angularViolationJointIndex=510 angularViolationJoint="S"
[MMD INIT STAGE] stage=pre-warmup-reset steps=0 finite=true maxJointPos=13.0697 maxJointRotDeg=94.7667 maxLinearViolation=5.72205e-06 maxAngularViolationDeg=97.5 stabilizationLinearViolation=5.72205e-06 stabilizationAngularViolationDeg=2.90283e-05 ignoredWideTravelJoints=48 severeJoints=0 jointIndex=510 joint="S" bodyA="B" bodyB="B" linearViolationJointIndex=10 linearViolationJoint="Ctr_F_HairNewA_01" angularViolationJointIndex=510 angularViolationJoint="S"
[MMD INIT] warmup=not_required maxLinearViolation=5.72205e-06 maxAngularViolationDeg=2.90283e-05
[PHYSICS STATS] build=RelWithDebInfo fps=606.943 frameMs=1.6476 physicsMs=0.637 peakPhysicsMs=12.0761 fixedMs=16.6667 substeps=0 peakSubsteps=4 stabilizationSubsteps=0 accumulatorMs=13.9134 droppedMs=0 peakDroppedMs=33.4463 catchUpLimited=false bodies=495 static=0 dynamic=457 kinematic=38 ccdBodies=325 boxMarginMin=0.008 boxMarginMax=0.04 solverIterations=15 splitImpulse=true splitImpulseThreshold=-0.02 recoveryChains=9 recoveryPhysicsTicks=718 recoveries=10 recoveredBodies=57 largestRecoveryRegion=12 pendingRecoveryChains=3 recoveryCooldownChains=0 recoveryFusedChains=0 recoveryFuseTrips=2 suppressedRecoveries=1 mode2Sync=ROTATION_ONLY fidelityDebug=OFF drivenBones=457 mode2Bodies=383 sampledVertices=0 bulletBonePosMax=9.70294 bulletBonePosAvg=1.03279 bulletBoneRotMaxDeg=0 bulletBoneRotAvgDeg=0 mode2DeltaMax=9.8849 mode2DeltaAvg=1.2742 active=495 sleeping=0 constraints=565 manifolds=1615 contacts=478 peakContacts=924 finite=true
[MMD RECOVERY] chain=6 localBodies=5 chainBodies=24 reason=runaway seedBody=425:"宸d_19" joint=none abnormalMs=450 positionError=9.9734 linearViolation=0 angularViolationDeg=0 linearSpeed=0 angularSpeed=0 total=11
[MMD RECOVERY] chain=5 localBodies=5 chainBodies=24 reason=runaway seedBody=444:"鍙硍d_19" joint=none abnormalMs=450 positionError=9.73289 linearViolation=0 angularViolationDeg=0 linearSpeed=0 angularSpeed=0 total=12
[MMD RECOVERY] chain=1 localBodies=5 chainBodies=99 reason=runaway seedBody=328:"Skirt_19_1" joint=none abnormalMs=450 positionError=11.647 linearViolation=0 angularViolationDeg=0 linearSpeed=0 angularSpeed=0 total=13
[PHYSICS STATS] build=RelWithDebInfo fps=608.606 frameMs=1.6431 physicsMs=0.6454 peakPhysicsMs=12.0761 fixedMs=16.6667 substeps=0 peakSubsteps=4 stabilizationSubsteps=0 accumulatorMs=15.083 droppedMs=0 peakDroppedMs=33.4463 catchUpLimited=false bodies=495 static=0 dynamic=457 kinematic=38 ccdBodies=325 boxMarginMin=0.008 boxMarginMax=0.04 solverIterations=15 splitImpulse=true splitImpulseThreshold=-0.02 recoveryChains=9 recoveryPhysicsTicks=778 recoveries=13 recoveredBodies=72 largestRecoveryRegion=12 pendingRecoveryChains=2 recoveryCooldownChains=3 recoveryFusedChains=0 recoveryFuseTrips=2 suppressedRecoveries=1 mode2Sync=ROTATION_ONLY fidelityDebug=OFF drivenBones=457 mode2Bodies=383 sampledVertices=0 bulletBonePosMax=10.0079 bulletBonePosAvg=1.29737 bulletBoneRotMaxDeg=0 bulletBoneRotAvgDeg=0 mode2DeltaMax=9.92098 mode2DeltaAvg=1.6042 active=495 sleeping=0 constraints=565 manifolds=1714 contacts=485 peakContacts=924 finite=true
[PHYSICS STATS] build=RelWithDebInfo fps=445.335 frameMs=2.2455 physicsMs=0.6656 peakPhysicsMs=12.0761 fixedMs=16.6667 substeps=0 peakSubsteps=4 stabilizationSubsteps=0 accumulatorMs=15.0618 droppedMs=0 peakDroppedMs=33.4463 catchUpLimited=false bodies=495 static=0 dynamic=457 kinematic=38 ccdBodies=325 boxMarginMin=0.008 boxMarginMax=0.04 solverIterations=15 splitImpulse=true splitImpulseThreshold=-0.02 recoveryChains=9 recoveryPhysicsTicks=838 recoveries=13 recoveredBodies=72 largestRecoveryRegion=12 pendingRecoveryChains=2 recoveryCooldownChains=3 recoveryFusedChains=0 recoveryFuseTrips=2 suppressedRecoveries=1 mode2Sync=ROTATION_ONLY fidelityDebug=OFF drivenBones=457 mode2Bodies=383 sampledVertices=0 bulletBonePosMax=9.58981 bulletBonePosAvg=1.43047 bulletBoneRotMaxDeg=0 bulletBoneRotAvgDeg=0 mode2DeltaMax=9.74713 mode2DeltaAvg=1.77941 active=495 sleeping=0 constraints=565 manifolds=1657 contacts=463 peakContacts=924 finite=true
[MMD RECOVERY] chain=5 localBodies=5 chainBodies=24 reason=runaway seedBody=444:"鍙硍d_19" joint=none abnormalMs=250 positionError=10.1637 linearViolation=0 angularViolationDeg=0 linearSpeed=0 angularSpeed=0 total=14
[PHYSICS STATS] build=RelWithDebInfo fps=504.337 frameMs=1.9828 physicsMs=0.6377 peakPhysicsMs=12.2754 fixedMs=16.6667 substeps=0 peakSubsteps=4 stabilizationSubsteps=0 accumulatorMs=16.4183 droppedMs=0 peakDroppedMs=33.4463 catchUpLimited=false bodies=495 static=0 dynamic=457 kinematic=38 ccdBodies=325 boxMarginMin=0.008 boxMarginMax=0.04 solverIterations=15 splitImpulse=true splitImpulseThreshold=-0.02 recoveryChains=9 recoveryPhysicsTicks=898 recoveries=14 recoveredBodies=77 largestRecoveryRegion=12 pendingRecoveryChains=3 recoveryCooldownChains=3 recoveryFusedChains=0 recoveryFuseTrips=2 suppressedRecoveries=1 mode2Sync=ROTATION_ONLY fidelityDebug=OFF drivenBones=457 mode2Bodies=383 sampledVertices=0 bulletBonePosMax=8.8538 bulletBonePosAvg=1.4737 bulletBoneRotMaxDeg=0 bulletBoneRotAvgDeg=0 mode2DeltaMax=8.83392 mode2DeltaAvg=1.84296 active=495 sleeping=0 constraints=565 manifolds=1760 contacts=494 peakContacts=924 finite=true
[MMD RECOVERY] chain=6 localBodies=5 chainBodies=24 reason=runaway seedBody=425:"宸d_19" joint=none abnormalMs=700 positionError=7.67355 linearViolation=0 angularViolationDeg=0 linearSpeed=0 angularSpeed=0 total=15
[MMD RECOVERY] chain=1 localBodies=5 chainBodies=99 reason=runaway seedBody=328:"Skirt_19_1" joint=none abnormalMs=2933.33 positionError=10.2805 linearViolation=0 angularViolationDeg=0 linearSpeed=0 angularSpeed=0 total=16
[PHYSICS STATS] build=RelWithDebInfo fps=595.132 frameMs=1.6803 physicsMs=3.15 peakPhysicsMs=12.2754 fixedMs=16.6667 substeps=1 peakSubsteps=4 stabilizationSubsteps=0 accumulatorMs=0.329202 droppedMs=0 peakDroppedMs=33.4463 catchUpLimited=false bodies=495 static=0 dynamic=457 kinematic=38 ccdBodies=325 boxMarginMin=0.008 boxMarginMax=0.04 solverIterations=15 splitImpulse=true splitImpulseThreshold=-0.02 recoveryChains=9 recoveryPhysicsTicks=959 recoveries=16 recoveredBodies=87 largestRecoveryRegion=12 pendingRecoveryChains=2 recoveryCooldownChains=3 recoveryFusedChains=0 recoveryFuseTrips=2 suppressedRecoveries=1 mode2Sync=ROTATION_ONLY fidelityDebug=OFF drivenBones=457 mode2Bodies=383 sampledVertices=0 bulletBonePosMax=11.0912 bulletBonePosAvg=1.23442 bulletBoneRotMaxDeg=0.0395647 bulletBoneRotAvgDeg=8.65748e-05 mode2DeltaMax=11.4321 mode2DeltaAvg=1.5326 active=495 sleeping=0 constraints=565 manifolds=1626 contacts=468 peakContacts=924 finite=true
[PHYSICS STATS] build=RelWithDebInfo fps=647.962 frameMs=1.5433 physicsMs=3.3265 peakPhysicsMs=12.2754 fixedMs=16.6667 substeps=1 peakSubsteps=4 stabilizationSubsteps=0 accumulatorMs=0.312751 droppedMs=0 peakDroppedMs=33.4463 catchUpLimited=false bodies=495 static=0 dynamic=457 kinematic=38 ccdBodies=325 boxMarginMin=0.008 boxMarginMax=0.04 solverIterations=15 splitImpulse=true splitImpulseThreshold=-0.02 recoveryChains=9 recoveryPhysicsTicks=1019 recoveries=16 recoveredBodies=87 largestRecoveryRegion=12 pendingRecoveryChains=2 recoveryCooldownChains=3 recoveryFusedChains=0 recoveryFuseTrips=2 suppressedRecoveries=1 mode2Sync=ROTATION_ONLY fidelityDebug=OFF drivenBones=457 mode2Bodies=383 sampledVertices=0 bulletBonePosMax=10.4275 bulletBonePosAvg=1.44405 bulletBoneRotMaxDeg=0 bulletBoneRotAvgDeg=0 mode2DeltaMax=10.7143 mode2DeltaAvg=1.79523 active=495 sleeping=0 constraints=565 manifolds=1816 contacts=494 peakContacts=924 finite=true
[PHYSICS STATS] build=RelWithDebInfo fps=257.01 frameMs=3.8909 physicsMs=0.4694 peakPhysicsMs=12.2754 fixedMs=16.6667 substeps=0 peakSubsteps=4 stabilizationSubsteps=0 accumulatorMs=4.2398 droppedMs=0 peakDroppedMs=33.4463 catchUpLimited=false bodies=495 static=0 dynamic=457 kinematic=38 ccdBodies=325 boxMarginMin=0.008 boxMarginMax=0.04 solverIterations=15 splitImpulse=true splitImpulseThreshold=-0.02 recoveryChains=9 recoveryPhysicsTicks=1079 recoveries=16 recoveredBodies=87 largestRecoveryRegion=12 pendingRecoveryChains=2 recoveryCooldownChains=2 recoveryFusedChains=0 recoveryFuseTrips=2 suppressedRecoveries=1 mode2Sync=ROTATION_ONLY fidelityDebug=OFF drivenBones=457 mode2Bodies=383 sampledVertices=0 bulletBonePosMax=10.8943 bulletBonePosAvg=1.72305 bulletBoneRotMaxDeg=0 bulletBoneRotAvgDeg=0 mode2DeltaMax=11.0336 mode2DeltaAvg=2.15411 active=495 sleeping=0 constraints=565 manifolds=1812 contacts=480 peakContacts=924 finite=true
[MMD RECOVERY] chain=0 localBodies=5 chainBodies=290 reason=runaway seedBody=288:"Skirt_19_1" joint=none abnormalMs=450 positionError=6.83732 linearViolation=0 angularViolationDeg=0 linearSpeed=0 angularSpeed=0 total=17
[MMD RECOVERY] chain=1 localBodies=5 chainBodies=99 reason=runaway seedBody=328:"Skirt_19_1" joint=none abnormalMs=2083.33 positionError=8.84386 linearViolation=0 angularViolationDeg=0 linearSpeed=0 angularSpeed=0 total=18
[MMD RECOVERY FUSE] chain=1 tripped=true durationMs=10000 recoveriesInWindow=3 totalTrips=3
[PHYSICS STATS] build=RelWithDebInfo fps=643.832 frameMs=1.5532 physicsMs=3.0467 peakPhysicsMs=12.2754 fixedMs=16.6667 substeps=1 peakSubsteps=4 stabilizationSubsteps=0 accumulatorMs=1.52575 droppedMs=0 peakDroppedMs=33.4463 catchUpLimited=false bodies=495 static=0 dynamic=457 kinematic=38 ccdBodies=325 boxMarginMin=0.008 boxMarginMax=0.04 solverIterations=15 splitImpulse=true splitImpulseThreshold=-0.02 recoveryChains=9 recoveryPhysicsTicks=1139 recoveries=18 recoveredBodies=97 largestRecoveryRegion=12 pendingRecoveryChains=2 recoveryCooldownChains=2 recoveryFusedChains=1 recoveryFuseTrips=3 suppressedRecoveries=1 mode2Sync=ROTATION_ONLY fidelityDebug=OFF drivenBones=457 mode2Bodies=383 sampledVertices=0 bulletBonePosMax=10.6615 bulletBonePosAvg=1.63128 bulletBoneRotMaxDeg=0.0395647 bulletBoneRotAvgDeg=8.65748e-05 mode2DeltaMax=10.7708 mode2DeltaAvg=2.03823 active=495 sleeping=0 constraints=565 manifolds=1741 contacts=477 peakContacts=924 finite=true
[MMD RECOVERY FUSE] chain=1 reason=runaway remainingMs=9433.34 suppressed=2
[PHYSICS STATS] build=RelWithDebInfo fps=242.789 frameMs=4.1188 physicsMs=0.4497 peakPhysicsMs=12.2754 fixedMs=16.6667 substeps=0 peakSubsteps=4 stabilizationSubsteps=0 accumulatorMs=4.97939 droppedMs=0 peakDroppedMs=33.4463 catchUpLimited=false bodies=495 static=0 dynamic=457 kinematic=38 ccdBodies=325 boxMarginMin=0.008 boxMarginMax=0.04 solverIterations=15 splitImpulse=true splitImpulseThreshold=-0.02 recoveryChains=9 recoveryPhysicsTicks=1199 recoveries=18 recoveredBodies=97 largestRecoveryRegion=12 pendingRecoveryChains=3 recoveryCooldownChains=2 recoveryFusedChains=1 recoveryFuseTrips=3 suppressedRecoveries=2 mode2Sync=ROTATION_ONLY fidelityDebug=OFF drivenBones=457 mode2Bodies=383 sampledVertices=0 bulletBonePosMax=14.827 bulletBonePosAvg=1.73974 bulletBoneRotMaxDeg=0.0395647 bulletBoneRotAvgDeg=8.65748e-05 mode2DeltaMax=15.0498 mode2DeltaAvg=2.17688 active=495 sleeping=0 constraints=565 manifolds=1558 contacts=454 peakContacts=924 finite=true
[MMD RECOVERY] chain=6 localBodies=5 chainBodies=24 reason=runaway seedBody=425:"宸d_19" joint=none abnormalMs=450 positionError=6.94985 linearViolation=0 angularViolationDeg=0 linearSpeed=0 angularSpeed=0 total=19
[MMD RECOVERY FUSE] chain=6 tripped=true durationMs=10000 recoveriesInWindow=3 totalTrips=4
[PHYSICS STATS] build=RelWithDebInfo fps=218.861 frameMs=4.5691 physicsMs=0.4755 peakPhysicsMs=12.2754 fixedMs=16.6667 substeps=0 peakSubsteps=4 stabilizationSubsteps=0 accumulatorMs=6.745 droppedMs=0 peakDroppedMs=48.2805 catchUpLimited=false bodies=495 static=0 dynamic=457 kinematic=38 ccdBodies=325 boxMarginMin=0.008 boxMarginMax=0.04 solverIterations=15 splitImpulse=true splitImpulseThreshold=-0.02 recoveryChains=9 recoveryPhysicsTicks=1256 recoveries=19 recoveredBodies=102 largestRecoveryRegion=12 pendingRecoveryChains=3 recoveryCooldownChains=3 recoveryFusedChains=2 recoveryFuseTrips=4 suppressedRecoveries=2 mode2Sync=ROTATION_ONLY fidelityDebug=OFF drivenBones=457 mode2Bodies=383 sampledVertices=0 bulletBonePosMax=9.99987 bulletBonePosAvg=1.70045 bulletBoneRotMaxDeg=0 bulletBoneRotAvgDeg=0 mode2DeltaMax=10.1284 mode2DeltaAvg=2.11526 active=495 sleeping=0 constraints=565 manifolds=1565 contacts=458 peakContacts=924 finite=true
[MMD RECOVERY] chain=0 localBodies=5 chainBodies=290 reason=runaway seedBody=268:"Skirt_11_1" joint=none abnormalMs=2583.33 positionError=7.76489 linearViolation=0 angularViolationDeg=0 linearSpeed=0 angularSpeed=0 total=20
[PHYSICS STATS] build=RelWithDebInfo fps=169.563 frameMs=5.8975 physicsMs=0.4503 peakPhysicsMs=12.2754 fixedMs=16.6667 substeps=0 peakSubsteps=4 stabilizationSubsteps=0 accumulatorMs=10.452 droppedMs=0 peakDroppedMs=48.2805 catchUpLimited=false bodies=495 static=0 dynamic=457 kinematic=38 ccdBodies=325 boxMarginMin=0.008 boxMarginMax=0.04 solverIterations=15 splitImpulse=true splitImpulseThreshold=-0.02 recoveryChains=9 recoveryPhysicsTicks=1316 recoveries=20 recoveredBodies=107 largestRecoveryRegion=12 pendingRecoveryChains=3 recoveryCooldownChains=2 recoveryFusedChains=2 recoveryFuseTrips=4 suppressedRecoveries=2 mode2Sync=ROTATION_ONLY fidelityDebug=OFF drivenBones=457 mode2Bodies=383 sampledVertices=0 bulletBonePosMax=10.7583 bulletBonePosAvg=1.50237 bulletBoneRotMaxDeg=0 bulletBoneRotAvgDeg=0 mode2DeltaMax=10.8441 mode2DeltaAvg=1.87316 active=495 sleeping=0 constraints=565 manifolds=1503 contacts=465 peakContacts=924 finite=true
[MMD RECOVERY FUSE] chain=1 reason=runaway remainingMs=6183.34 suppressed=3
[PHYSICS STATS] build=RelWithDebInfo fps=171.359 frameMs=5.8357 physicsMs=0.405 peakPhysicsMs=12.2754 fixedMs=16.6667 substeps=0 peakSubsteps=4 stabilizationSubsteps=0 accumulatorMs=12.2218 droppedMs=0 peakDroppedMs=48.2805 catchUpLimited=false bodies=495 static=0 dynamic=457 kinematic=38 ccdBodies=325 boxMarginMin=0.008 boxMarginMax=0.04 solverIterations=15 splitImpulse=true splitImpulseThreshold=-0.02 recoveryChains=9 recoveryPhysicsTicks=1376 recoveries=20 recoveredBodies=107 largestRecoveryRegion=12 pendingRecoveryChains=3 recoveryCooldownChains=2 recoveryFusedChains=2 recoveryFuseTrips=4 suppressedRecoveries=3 mode2Sync=ROTATION_ONLY fidelityDebug=OFF drivenBones=457 mode2Bodies=383 sampledVertices=0 bulletBonePosMax=10.0218 bulletBonePosAvg=1.4613 bulletBoneRotMaxDeg=0.0395647 bulletBoneRotAvgDeg=0.000259724 mode2DeltaMax=10.0577 mode2DeltaAvg=1.8231 active=495 sleeping=0 constraints=565 manifolds=1581 contacts=472 peakContacts=924 finite=true
[MMD INIT STAGE] stage=before-reset steps=0 finite=true maxJointPos=16.7801 maxJointRotDeg=101.696 maxLinearViolation=1.41446 maxAngularViolationDeg=70.3115 stabilizationLinearViolation=1.41446 stabilizationAngularViolationDeg=70.3115 ignoredWideTravelJoints=48 severeJoints=27 jointIndex=107 joint="S" bodyA="B" bodyB="B" linearViolationJointIndex=315 linearViolationJoint="Skirt_2_1" angularViolationJointIndex=437 angularViolationJoint="宸﹀悗q_2"
[MMD INIT STAGE] stage=after-reset steps=0 finite=true maxJointPos=13.0702 maxJointRotDeg=94.7699 maxLinearViolation=7.62939e-06 maxAngularViolationDeg=97.5043 stabilizationLinearViolation=7.62939e-06 stabilizationAngularViolationDeg=2.43325e-05 ignoredWideTravelJoints=48 severeJoints=0 jointIndex=510 joint="S" bodyA="B" bodyB="B" linearViolationJointIndex=10 linearViolationJoint="Ctr_F_HairNewA_01" angularViolationJointIndex=510 angularViolationJoint="S"
[MMD INIT STAGE] stage=pre-warmup-reset steps=0 finite=true maxJointPos=13.0702 maxJointRotDeg=94.7699 maxLinearViolation=7.62939e-06 maxAngularViolationDeg=97.5043 stabilizationLinearViolation=7.62939e-06 stabilizationAngularViolationDeg=2.43325e-05 ignoredWideTravelJoints=48 severeJoints=0 jointIndex=510 joint="S" bodyA="B" bodyB="B" linearViolationJointIndex=10 linearViolationJoint="Ctr_F_HairNewA_01" angularViolationJointIndex=510 angularViolationJoint="S"
[MMD INIT] warmup=not_required maxLinearViolation=7.62939e-06 maxAngularViolationDeg=2.43325e-05
[MMD ALIGN] debug overlay=BIND (1)
[MMD RECOVERY] chain=6 localBodies=5 chainBodies=24 reason=runaway seedBody=425:"宸d_19" joint=none abnormalMs=450 positionError=9.96839 linearViolation=0 angularViolationDeg=0 linearSpeed=0 angularSpeed=0 total=21
[MMD RECOVERY] chain=1 localBodies=12 chainBodies=99 reason=joint_violation seedBody=311:"Skirt_2_1" joint=316:"Skirt_3_1" abnormalMs=450 positionError=1.85888 linearViolation=1.80177 angularViolationDeg=4.50887 linearSpeed=0 angularSpeed=0 total=22
[MMD RECOVERY] chain=5 localBodies=5 chainBodies=24 reason=runaway seedBody=444:"鍙硍d_19" joint=none abnormalMs=450 positionError=9.73884 linearViolation=0 angularViolationDeg=0 linearSpeed=0 angularSpeed=0 total=23
[PHYSICS STATS] build=RelWithDebInfo fps=173.668 frameMs=5.7581 physicsMs=0.4609 peakPhysicsMs=12.2754 fixedMs=16.6667 substeps=0 peakSubsteps=4 stabilizationSubsteps=0 accumulatorMs=15.7968 droppedMs=0 peakDroppedMs=48.2805 catchUpLimited=false bodies=495 static=0 dynamic=457 kinematic=38 ccdBodies=325 boxMarginMin=0.008 boxMarginMax=0.04 solverIterations=15 splitImpulse=true splitImpulseThreshold=-0.02 recoveryChains=9 recoveryPhysicsTicks=1436 recoveries=23 recoveredBodies=129 largestRecoveryRegion=12 pendingRecoveryChains=1 recoveryCooldownChains=3 recoveryFusedChains=0 recoveryFuseTrips=4 suppressedRecoveries=3 mode2Sync=ROTATION_ONLY fidelityDebug=OFF drivenBones=457 mode2Bodies=383 sampledVertices=0 bulletBonePosMax=7.85094 bulletBonePosAvg=0.97029 bulletBoneRotMaxDeg=0 bulletBoneRotAvgDeg=0 mode2DeltaMax=7.77545 mode2DeltaAvg=1.19975 active=495 sleeping=0 constraints=565 manifolds=1532 contacts=463 peakContacts=924 finite=true
[MMD RECOVERY] chain=1 localBodies=5 chainBodies=99 reason=runaway seedBody=328:"Skirt_19_1" joint=none abnormalMs=250 positionError=12.0351 linearViolation=0 angularViolationDeg=0 linearSpeed=0 angularSpeed=0 total=24
[PHYSICS STATS] build=RelWithDebInfo fps=194.254 frameMs=5.1479 physicsMs=3.176 peakPhysicsMs=12.2754 fixedMs=16.6667 substeps=1 peakSubsteps=4 stabilizationSubsteps=0 accumulatorMs=1.01212 droppedMs=0 peakDroppedMs=48.2805 catchUpLimited=false bodies=495 static=0 dynamic=457 kinematic=38 ccdBodies=325 boxMarginMin=0.008 boxMarginMax=0.04 solverIterations=15 splitImpulse=true splitImpulseThreshold=-0.02 recoveryChains=9 recoveryPhysicsTicks=1497 recoveries=24 recoveredBodies=134 largestRecoveryRegion=12 pendingRecoveryChains=2 recoveryCooldownChains=3 recoveryFusedChains=0 recoveryFuseTrips=4 suppressedRecoveries=3 mode2Sync=ROTATION_ONLY fidelityDebug=OFF drivenBones=457 mode2Bodies=383 sampledVertices=0 bulletBonePosMax=12.4415 bulletBonePosAvg=1.31493 bulletBoneRotMaxDeg=0.0395647 bulletBoneRotAvgDeg=8.65748e-05 mode2DeltaMax=12.4603 mode2DeltaAvg=1.63137 active=495 sleeping=0 constraints=565 manifolds=1550 contacts=490 peakContacts=924 finite=true
[MMD RECOVERY] chain=1 localBodies=5 chainBodies=99 reason=runaway seedBody=328:"Skirt_19_1" joint=none abnormalMs=16.6667 positionError=12.0358 linearViolation=0 angularViolationDeg=0 linearSpeed=0 angularSpeed=0 total=25
[MMD RECOVERY FUSE] chain=1 tripped=true durationMs=10000 recoveriesInWindow=3 totalTrips=5
[MMD RECOVERY FUSE] chain=1 reason=runaway remainingMs=9783.34 suppressed=4
[PHYSICS STATS] build=RelWithDebInfo fps=193.772 frameMs=5.1607 physicsMs=4.1918 peakPhysicsMs=12.2754 fixedMs=16.6667 substeps=1 peakSubsteps=4 stabilizationSubsteps=0 accumulatorMs=2.98847 droppedMs=0 peakDroppedMs=48.2805 catchUpLimited=false bodies=495 static=0 dynamic=457 kinematic=38 ccdBodies=325 boxMarginMin=0.008 boxMarginMax=0.04 solverIterations=15 splitImpulse=true splitImpulseThreshold=-0.02 recoveryChains=9 recoveryPhysicsTicks=1557 recoveries=25 recoveredBodies=139 largestRecoveryRegion=12 pendingRecoveryChains=1 recoveryCooldownChains=3 recoveryFusedChains=1 recoveryFuseTrips=5 suppressedRecoveries=4 mode2Sync=ROTATION_ONLY fidelityDebug=OFF drivenBones=457 mode2Bodies=383 sampledVertices=0 bulletBonePosMax=13.2218 bulletBonePosAvg=1.20146 bulletBoneRotMaxDeg=0.0395647 bulletBoneRotAvgDeg=8.65748e-05 mode2DeltaMax=13.1811 mode2DeltaAvg=1.48519 active=495 sleeping=0 constraints=565 manifolds=1606 contacts=464 peakContacts=924 finite=true
[MMD FIDELITY] debug=BONE
[MMD RECOVERY] chain=5 localBodies=5 chainBodies=24 reason=runaway seedBody=444:"鍙硍d_19" joint=none abnormalMs=233.333 positionError=10.0245 linearViolation=0 angularViolationDeg=0 linearSpeed=0 angularSpeed=0 total=26
[MMD RECOVERY] chain=6 localBodies=5 chainBodies=24 reason=runaway seedBody=425:"宸d_19" joint=none abnormalMs=700 positionError=7.59017 linearViolation=0 angularViolationDeg=0 linearSpeed=0 angularSpeed=0 total=27
[PHYSICS STATS] build=RelWithDebInfo fps=124.705 frameMs=8.0189 physicsMs=0.4752 peakPhysicsMs=12.2754 fixedMs=16.6667 substeps=0 peakSubsteps=4 stabilizationSubsteps=0 accumulatorMs=10.452 droppedMs=0 peakDroppedMs=48.2805 catchUpLimited=false bodies=495 static=0 dynamic=457 kinematic=38 ccdBodies=325 boxMarginMin=0.008 boxMarginMax=0.04 solverIterations=15 splitImpulse=true splitImpulseThreshold=-0.02 recoveryChains=9 recoveryPhysicsTicks=1617 recoveries=27 recoveredBodies=149 largestRecoveryRegion=12 pendingRecoveryChains=1 recoveryCooldownChains=3 recoveryFusedChains=1 recoveryFuseTrips=5 suppressedRecoveries=4 mode2Sync=ROTATION_ONLY fidelityDebug=BONE drivenBones=457 mode2Bodies=383 sampledVertices=0 bulletBonePosMax=10.4731 bulletBonePosAvg=1.21902 bulletBoneRotMaxDeg=0.0395647 bulletBoneRotAvgDeg=0.00017315 mode2DeltaMax=10.4652 mode2DeltaAvg=1.51566 active=495 sleeping=0 constraints=565 manifolds=1556 contacts=451 peakContacts=924 finite=true
[MMD RECOVERY FUSE] chain=1 reason=runaway remainingMs=7816.69 suppressed=5
[PHYSICS STATS] build=RelWithDebInfo fps=132.085 frameMs=7.5709 physicsMs=0.465 peakPhysicsMs=12.2754 fixedMs=16.6667 substeps=0 peakSubsteps=4 stabilizationSubsteps=0 accumulatorMs=10.8569 droppedMs=0 peakDroppedMs=48.2805 catchUpLimited=false bodies=495 static=0 dynamic=457 kinematic=38 ccdBodies=325 boxMarginMin=0.008 boxMarginMax=0.04 solverIterations=15 splitImpulse=true splitImpulseThreshold=-0.02 recoveryChains=9 recoveryPhysicsTicks=1677 recoveries=27 recoveredBodies=149 largestRecoveryRegion=12 pendingRecoveryChains=1 recoveryCooldownChains=3 recoveryFusedChains=1 recoveryFuseTrips=5 suppressedRecoveries=5 mode2Sync=ROTATION_ONLY fidelityDebug=BONE drivenBones=457 mode2Bodies=383 sampledVertices=0 bulletBonePosMax=14.1084 bulletBonePosAvg=1.20288 bulletBoneRotMaxDeg=0.0395647 bulletBoneRotAvgDeg=0.00017315 mode2DeltaMax=14.1296 mode2DeltaAvg=1.49678 active=495 sleeping=0 constraints=565 manifolds=1596 contacts=474 peakContacts=924 finite=true
[MMD ALIGN] debug overlay=RESET (2)
[PHYSICS STATS] build=RelWithDebInfo fps=212.134 frameMs=4.714 physicsMs=0.4729 peakPhysicsMs=12.2754 fixedMs=16.6667 substeps=0 peakSubsteps=4 stabilizationSubsteps=0 accumulatorMs=15.0467 droppedMs=0 peakDroppedMs=48.2805 catchUpLimited=false bodies=495 static=0 dynamic=457 kinematic=38 ccdBodies=325 boxMarginMin=0.008 boxMarginMax=0.04 solverIterations=15 splitImpulse=true splitImpulseThreshold=-0.02 recoveryChains=9 recoveryPhysicsTicks=1737 recoveries=27 recoveredBodies=149 largestRecoveryRegion=12 pendingRecoveryChains=2 recoveryCooldownChains=2 recoveryFusedChains=1 recoveryFuseTrips=5 suppressedRecoveries=5 mode2Sync=ROTATION_ONLY fidelityDebug=BONE drivenBones=457 mode2Bodies=383 sampledVertices=0 bulletBonePosMax=12.1405 bulletBonePosAvg=1.35357 bulletBoneRotMaxDeg=0 bulletBoneRotAvgDeg=0 mode2DeltaMax=12.1993 mode2DeltaAvg=1.68461 active=495 sleeping=0 constraints=565 manifolds=1560 contacts=458 peakContacts=924 finite=true
[MMD ALIGN] debug overlay=RUNTIME (3)
[PHYSICS STATS] build=RelWithDebInfo fps=133.906 frameMs=7.4679 physicsMs=3.1201 peakPhysicsMs=12.2754 fixedMs=16.6667 substeps=1 peakSubsteps=4 stabilizationSubsteps=0 accumulatorMs=1.62569 droppedMs=0 peakDroppedMs=48.2805 catchUpLimited=false bodies=495 static=0 dynamic=457 kinematic=38 ccdBodies=325 boxMarginMin=0.008 boxMarginMax=0.04 solverIterations=15 splitImpulse=true splitImpulseThreshold=-0.02 recoveryChains=9 recoveryPhysicsTicks=1798 recoveries=27 recoveredBodies=149 largestRecoveryRegion=12 pendingRecoveryChains=2 recoveryCooldownChains=0 recoveryFusedChains=1 recoveryFuseTrips=5 suppressedRecoveries=5 mode2Sync=ROTATION_ONLY fidelityDebug=BONE drivenBones=457 mode2Bodies=383 sampledVertices=0 bulletBonePosMax=11.7901 bulletBonePosAvg=1.6236 bulletBoneRotMaxDeg=0.0395647 bulletBoneRotAvgDeg=0.000259724 mode2DeltaMax=11.7649 mode2DeltaAvg=2.0207 active=495 sleeping=0 constraints=565 manifolds=1564 contacts=436 peakContacts=924 finite=true
[MMD ALIGN] debug overlay=ALL (4)
[MMD RECOVERY] chain=0 localBodies=5 chainBodies=290 reason=runaway seedBody=217:"Skirt_11_1" joint=none abnormalMs=450 positionError=7.04341 linearViolation=0 angularViolationDeg=0 linearSpeed=0 angularSpeed=0 total=28
[MMD ALIGN] debug overlay=OFF (0)
[PHYSICS STATS] build=RelWithDebInfo fps=174.468 frameMs=5.7317 physicsMs=0.4432 peakPhysicsMs=12.2754 fixedMs=16.6667 substeps=0 peakSubsteps=4 stabilizationSubsteps=0 accumulatorMs=6.48384 droppedMs=0 peakDroppedMs=48.2805 catchUpLimited=false bodies=495 static=0 dynamic=457 kinematic=38 ccdBodies=325 boxMarginMin=0.008 boxMarginMax=0.04 solverIterations=15 splitImpulse=true splitImpulseThreshold=-0.02 recoveryChains=9 recoveryPhysicsTicks=1858 recoveries=28 recoveredBodies=154 largestRecoveryRegion=12 pendingRecoveryChains=3 recoveryCooldownChains=1 recoveryFusedChains=1 recoveryFuseTrips=5 suppressedRecoveries=5 mode2Sync=ROTATION_ONLY fidelityDebug=BONE drivenBones=457 mode2Bodies=383 sampledVertices=0 bulletBonePosMax=12.7489 bulletBonePosAvg=1.56503 bulletBoneRotMaxDeg=0 bulletBoneRotAvgDeg=0 mode2DeltaMax=12.8457 mode2DeltaAvg=1.95351 active=495 sleeping=0 constraints=565 manifolds=1539 contacts=474 peakContacts=924 finite=true
[MMD RECOVERY] chain=6 localBodies=5 chainBodies=24 reason=runaway seedBody=425:"宸d_19" joint=none abnormalMs=450 positionError=6.91389 linearViolation=0 angularViolationDeg=0 linearSpeed=0 angularSpeed=0 total=29
[MMD RECOVERY FUSE] chain=6 tripped=true durationMs=10000 recoveriesInWindow=3 totalTrips=6
[PHYSICS STATS] build=RelWithDebInfo fps=213.452 frameMs=4.6849 physicsMs=0.4718 peakPhysicsMs=12.2754 fixedMs=16.6667 substeps=0 peakSubsteps=4 stabilizationSubsteps=0 accumulatorMs=6.07919 droppedMs=0 peakDroppedMs=48.2805 catchUpLimited=false bodies=495 static=0 dynamic=457 kinematic=38 ccdBodies=325 boxMarginMin=0.008 boxMarginMax=0.04 solverIterations=15 splitImpulse=true splitImpulseThreshold=-0.02 recoveryChains=9 recoveryPhysicsTicks=1918 recoveries=29 recoveredBodies=159 largestRecoveryRegion=12 pendingRecoveryChains=2 recoveryCooldownChains=2 recoveryFusedChains=2 recoveryFuseTrips=6 suppressedRecoveries=5 mode2Sync=ROTATION_ONLY fidelityDebug=BONE drivenBones=457 mode2Bodies=383 sampledVertices=0 bulletBonePosMax=13.6791 bulletBonePosAvg=1.581 bulletBoneRotMaxDeg=0 bulletBoneRotAvgDeg=0 mode2DeltaMax=13.731 mode2DeltaAvg=1.97138 active=495 sleeping=0 constraints=565 manifolds=1703 contacts=500 peakContacts=924 finite=true
[PHYSICS STATS] build=RelWithDebInfo fps=208.986 frameMs=4.785 physicsMs=0.4951 peakPhysicsMs=12.2754 fixedMs=16.6667 substeps=0 peakSubsteps=4 stabilizationSubsteps=0 accumulatorMs=9.91574 droppedMs=0 peakDroppedMs=48.2805 catchUpLimited=false bodies=495 static=0 dynamic=457 kinematic=38 ccdBodies=325 boxMarginMin=0.008 boxMarginMax=0.04 solverIterations=15 splitImpulse=true splitImpulseThreshold=-0.02 recoveryChains=9 recoveryPhysicsTicks=1978 recoveries=29 recoveredBodies=159 largestRecoveryRegion=12 pendingRecoveryChains=2 recoveryCooldownChains=2 recoveryFusedChains=2 recoveryFuseTrips=6 suppressedRecoveries=5 mode2Sync=ROTATION_ONLY fidelityDebug=BONE drivenBones=457 mode2Bodies=383 sampledVertices=0 bulletBonePosMax=10.1793 bulletBonePosAvg=1.59615 bulletBoneRotMaxDeg=0.0395647 bulletBoneRotAvgDeg=8.65748e-05 mode2DeltaMax=10.1177 mode2DeltaAvg=1.99283 active=495 sleeping=0 constraints=565 manifolds=1683 contacts=481 peakContacts=924 finite=true
[MMD RECOVERY] chain=0 localBodies=5 chainBodies=290 reason=runaway seedBody=268:"Skirt_11_1" joint=none abnormalMs=450 positionError=5.59225 linearViolation=0 angularViolationDeg=0 linearSpeed=0 angularSpeed=0 total=30
[PHYSICS STATS] build=RelWithDebInfo fps=173.759 frameMs=5.7551 physicsMs=0.4343 peakPhysicsMs=12.2754 fixedMs=16.6667 substeps=0 peakSubsteps=4 stabilizationSubsteps=0 accumulatorMs=13.733 droppedMs=0 peakDroppedMs=48.2805 catchUpLimited=false bodies=495 static=0 dynamic=457 kinematic=38 ccdBodies=325 boxMarginMin=0.008 boxMarginMax=0.04 solverIterations=15 splitImpulse=true splitImpulseThreshold=-0.02 recoveryChains=9 recoveryPhysicsTicks=2038 recoveries=30 recoveredBodies=164 largestRecoveryRegion=12 pendingRecoveryChains=3 recoveryCooldownChains=2 recoveryFusedChains=2 recoveryFuseTrips=6 suppressedRecoveries=5 mode2Sync=ROTATION_ONLY fidelityDebug=BONE drivenBones=457 mode2Bodies=383 sampledVertices=0 bulletBonePosMax=12.4145 bulletBonePosAvg=1.58322 bulletBoneRotMaxDeg=0.0395647 bulletBoneRotAvgDeg=8.65748e-05 mode2DeltaMax=12.4022 mode2DeltaAvg=1.97742 active=495 sleeping=0 constraints=565 manifolds=1579 contacts=467 peakContacts=924 finite=true
[MMD INIT STAGE] stage=before-reset steps=0 finite=true maxJointPos=8.79891 maxJointRotDeg=90.8471 maxLinearViolation=1.27374 maxAngularViolationDeg=55.0695 stabilizationLinearViolation=1.27374 stabilizationAngularViolationDeg=55.0695 ignoredWideTravelJoints=48 severeJoints=19 jointIndex=40 joint="S" bodyA="B" bodyB="B" linearViolationJointIndex=316 linearViolationJoint="Skirt_3_1" angularViolationJointIndex=436 angularViolationJoint="宸﹀悗q_1"
[MMD INIT STAGE] stage=after-reset steps=0 finite=true maxJointPos=13.0708 maxJointRotDeg=94.7731 maxLinearViolation=7.62939e-06 maxAngularViolationDeg=97.5087 stabilizationLinearViolation=7.62939e-06 stabilizationAngularViolationDeg=2.32653e-05 ignoredWideTravelJoints=48 severeJoints=0 jointIndex=512 joint="S" bodyA="B" bodyB="B" linearViolationJointIndex=12 linearViolationJoint="Ctr_F_HairNewA_03" angularViolationJointIndex=510 angularViolationJoint="S"
[MMD INIT STAGE] stage=pre-warmup-reset steps=0 finite=true maxJointPos=13.0708 maxJointRotDeg=94.7731 maxLinearViolation=7.62939e-06 maxAngularViolationDeg=97.5087 stabilizationLinearViolation=7.62939e-06 stabilizationAngularViolationDeg=2.32653e-05 ignoredWideTravelJoints=48 severeJoints=0 jointIndex=512 joint="S" bodyA="B" bodyB="B" linearViolationJointIndex=12 linearViolationJoint="Ctr_F_HairNewA_03" angularViolationJointIndex=510 angularViolationJoint="S"
[MMD INIT] warmup=not_required maxLinearViolation=7.62939e-06 maxAngularViolationDeg=2.32653e-05
[PHYSICS STATS] build=RelWithDebInfo fps=202.922 frameMs=4.928 physicsMs=3.7399 peakPhysicsMs=12.2754 fixedMs=16.6667 substeps=1 peakSubsteps=4 stabilizationSubsteps=0 accumulatorMs=1.75477 droppedMs=0 peakDroppedMs=48.2805 catchUpLimited=false bodies=495 static=0 dynamic=457 kinematic=38 ccdBodies=325 boxMarginMin=0.008 boxMarginMax=0.04 solverIterations=15 splitImpulse=true splitImpulseThreshold=-0.02 recoveryChains=9 recoveryPhysicsTicks=2099 recoveries=30 recoveredBodies=164 largestRecoveryRegion=12 pendingRecoveryChains=3 recoveryCooldownChains=0 recoveryFusedChains=0 recoveryFuseTrips=6 suppressedRecoveries=5 mode2Sync=ROTATION_ONLY fidelityDebug=BONE drivenBones=457 mode2Bodies=383 sampledVertices=0 bulletBonePosMax=8.81556 bulletBonePosAvg=1.04785 bulletBoneRotMaxDeg=0.0395647 bulletBoneRotAvgDeg=0.00017315 mode2DeltaMax=8.9991 mode2DeltaAvg=1.29514 active=495 sleeping=0 constraints=565 manifolds=1583 contacts=547 peakContacts=924 finite=true
[MMD RECOVERY] chain=6 localBodies=5 chainBodies=24 reason=runaway seedBody=425:"宸d_19" joint=none abnormalMs=450 positionError=9.97013 linearViolation=0 angularViolationDeg=0 linearSpeed=0 angularSpeed=0 total=31
[MMD RECOVERY] chain=1 localBodies=12 chainBodies=99 reason=joint_violation seedBody=311:"Skirt_2_1" joint=316:"Skirt_3_1" abnormalMs=450 positionError=1.82984 linearViolation=1.82607 angularViolationDeg=1.93247 linearSpeed=0 angularSpeed=0 total=32
[MMD RECOVERY] chain=5 localBodies=5 chainBodies=24 reason=runaway seedBody=444:"鍙硍d_19" joint=none abnormalMs=450 positionError=9.73513 linearViolation=0 angularViolationDeg=0 linearSpeed=0 angularSpeed=0 total=33
[PHYSICS STATS] build=RelWithDebInfo fps=167.459 frameMs=5.9716 physicsMs=2.8689 peakPhysicsMs=12.2754 fixedMs=16.6667 substeps=1 peakSubsteps=4 stabilizationSubsteps=0 accumulatorMs=5.26341 droppedMs=0 peakDroppedMs=48.2805 catchUpLimited=false bodies=495 static=0 dynamic=457 kinematic=38 ccdBodies=325 boxMarginMin=0.008 boxMarginMax=0.04 solverIterations=15 splitImpulse=true splitImpulseThreshold=-0.02 recoveryChains=9 recoveryPhysicsTicks=2159 recoveries=33 recoveredBodies=186 largestRecoveryRegion=12 pendingRecoveryChains=2 recoveryCooldownChains=3 recoveryFusedChains=0 recoveryFuseTrips=6 suppressedRecoveries=5 mode2Sync=ROTATION_ONLY fidelityDebug=BONE drivenBones=457 mode2Bodies=383 sampledVertices=0 bulletBonePosMax=11.7949 bulletBonePosAvg=1.38885 bulletBoneRotMaxDeg=0.0395647 bulletBoneRotAvgDeg=0.00017315 mode2DeltaMax=11.7875 mode2DeltaAvg=1.71342 active=495 sleeping=0 constraints=565 manifolds=1606 contacts=449 peakContacts=924 finite=true
[MMD RECOVERY] chain=1 localBodies=5 chainBodies=99 reason=runaway seedBody=328:"Skirt_19_1" joint=none abnormalMs=66.6667 positionError=12.2347 linearViolation=0 angularViolationDeg=0 linearSpeed=0 angularSpeed=0 total=34
[MMD RECOVERY] chain=1 localBodies=5 chainBodies=99 reason=runaway seedBody=328:"Skirt_19_1" joint=none abnormalMs=16.6667 positionError=12.0665 linearViolation=0 angularViolationDeg=0 linearSpeed=0 angularSpeed=0 total=35
[MMD RECOVERY FUSE] chain=1 tripped=true durationMs=10000 recoveriesInWindow=3 totalTrips=7
[PHYSICS STATS] build=RelWithDebInfo fps=140.184 frameMs=7.1335 physicsMs=0.4358 peakPhysicsMs=12.2754 fixedMs=16.6667 substeps=0 peakSubsteps=4 stabilizationSubsteps=0 accumulatorMs=9.09706 droppedMs=0 peakDroppedMs=48.2805 catchUpLimited=false bodies=495 static=0 dynamic=457 kinematic=38 ccdBodies=325 boxMarginMin=0.008 boxMarginMax=0.04 solverIterations=15 splitImpulse=true splitImpulseThreshold=-0.02 recoveryChains=9 recoveryPhysicsTicks=2219 recoveries=35 recoveredBodies=196 largestRecoveryRegion=12 pendingRecoveryChains=3 recoveryCooldownChains=3 recoveryFusedChains=1 recoveryFuseTrips=7 suppressedRecoveries=5 mode2Sync=ROTATION_ONLY fidelityDebug=BONE drivenBones=457 mode2Bodies=383 sampledVertices=0 bulletBonePosMax=12.4146 bulletBonePosAvg=1.37134 bulletBoneRotMaxDeg=0 bulletBoneRotAvgDeg=0 mode2DeltaMax=12.4639 mode2DeltaAvg=1.69913 active=495 sleeping=0 constraints=565 manifolds=1565 contacts=456 peakContacts=924 finite=true
[MMD RECOVERY FUSE] chain=1 reason=runaway remainingMs=9450.01 suppressed=6
[MMD RECOVERY] chain=5 localBodies=5 chainBodies=24 reason=runaway seedBody=444:"鍙硍d_19" joint=none abnormalMs=250 positionError=10.1254 linearViolation=0 angularViolationDeg=0 linearSpeed=0 angularSpeed=0 total=36
[PHYSICS STATS] build=RelWithDebInfo fps=102.777 frameMs=9.7298 physicsMs=5.9944 peakPhysicsMs=12.2754 fixedMs=16.6667 substeps=1 peakSubsteps=4 stabilizationSubsteps=0 accumulatorMs=5.97821 droppedMs=0 peakDroppedMs=48.2805 catchUpLimited=false bodies=495 static=0 dynamic=457 kinematic=38 ccdBodies=325 boxMarginMin=0.008 boxMarginMax=0.04 solverIterations=15 splitImpulse=true splitImpulseThreshold=-0.02 recoveryChains=9 recoveryPhysicsTicks=2279 recoveries=36 recoveredBodies=201 largestRecoveryRegion=12 pendingRecoveryChains=3 recoveryCooldownChains=3 recoveryFusedChains=1 recoveryFuseTrips=7 suppressedRecoveries=6 mode2Sync=ROTATION_ONLY fidelityDebug=BONE drivenBones=457 mode2Bodies=383 sampledVertices=0 bulletBonePosMax=16.1446 bulletBonePosAvg=1.43916 bulletBoneRotMaxDeg=0.0395647 bulletBoneRotAvgDeg=8.65748e-05 mode2DeltaMax=16.3372 mode2DeltaAvg=1.80152 active=495 sleeping=0 constraints=565 manifolds=1549 contacts=485 peakContacts=924 finite=true
[MMD RECOVERY] chain=6 localBodies=5 chainBodies=24 reason=runaway seedBody=425:"宸d_19" joint=none abnormalMs=700 positionError=7.625 linearViolation=0 angularViolationDeg=0 linearSpeed=0 angularSpeed=0 total=37
[PHYSICS STATS] build=RelWithDebInfo fps=418.585 frameMs=2.389 physicsMs=0.6719 peakPhysicsMs=12.2754 fixedMs=16.6667 substeps=0 peakSubsteps=4 stabilizationSubsteps=0 accumulatorMs=13.1355 droppedMs=0 peakDroppedMs=48.2805 catchUpLimited=false bodies=495 static=0 dynamic=457 kinematic=38 ccdBodies=325 boxMarginMin=0.008 boxMarginMax=0.04 solverIterations=15 splitImpulse=true splitImpulseThreshold=-0.02 recoveryChains=9 recoveryPhysicsTicks=2339 recoveries=37 recoveredBodies=206 largestRecoveryRegion=12 pendingRecoveryChains=3 recoveryCooldownChains=3 recoveryFusedChains=1 recoveryFuseTrips=7 suppressedRecoveries=6 mode2Sync=ROTATION_ONLY fidelityDebug=BONE drivenBones=457 mode2Bodies=383 sampledVertices=0 bulletBonePosMax=15.5986 bulletBonePosAvg=1.22275 bulletBoneRotMaxDeg=0.0395647 bulletBoneRotAvgDeg=0.00017315 mode2DeltaMax=15.7487 mode2DeltaAvg=1.52305 active=495 sleeping=0 constraints=565 manifolds=1592 contacts=502 peakContacts=924 finite=true
[PHYSICS STATS] build=RelWithDebInfo fps=145.248 frameMs=6.8848 physicsMs=0.4693 peakPhysicsMs=12.2754 fixedMs=16.6667 substeps=0 peakSubsteps=4 stabilizationSubsteps=0 accumulatorMs=11.6824 droppedMs=0 peakDroppedMs=48.2805 catchUpLimited=false bodies=495 static=0 dynamic=457 kinematic=38 ccdBodies=325 boxMarginMin=0.008 boxMarginMax=0.04 solverIterations=15 splitImpulse=true splitImpulseThreshold=-0.02 recoveryChains=9 recoveryPhysicsTicks=2399 recoveries=37 recoveredBodies=206 largestRecoveryRegion=12 pendingRecoveryChains=1 recoveryCooldownChains=2 recoveryFusedChains=1 recoveryFuseTrips=7 suppressedRecoveries=6 mode2Sync=ROTATION_ONLY fidelityDebug=BONE drivenBones=457 mode2Bodies=383 sampledVertices=0 bulletBonePosMax=12.4275 bulletBonePosAvg=1.42399 bulletBoneRotMaxDeg=0.0395647 bulletBoneRotAvgDeg=8.65748e-05 mode2DeltaMax=12.6542 mode2DeltaAvg=1.76866 active=495 sleeping=0 constraints=565 manifolds=1486 contacts=465 peakContacts=924 finite=true
[MMD RECOVERY] chain=0 localBodies=5 chainBodies=290 reason=runaway seedBody=288:"Skirt_19_1" joint=none abnormalMs=450 positionError=6.71088 linearViolation=0 angularViolationDeg=0 linearSpeed=0 angularSpeed=0 total=38
[PHYSICS STATS] build=RelWithDebInfo fps=133.058 frameMs=7.5155 physicsMs=0.3993 peakPhysicsMs=12.2754 fixedMs=16.6667 substeps=0 peakSubsteps=4 stabilizationSubsteps=0 accumulatorMs=16.4494 droppedMs=0 peakDroppedMs=48.2805 catchUpLimited=false bodies=495 static=0 dynamic=457 kinematic=38 ccdBodies=325 boxMarginMin=0.008 boxMarginMax=0.04 solverIterations=15 splitImpulse=true splitImpulseThreshold=-0.02 recoveryChains=9 recoveryPhysicsTicks=2459 recoveries=38 recoveredBodies=211 largestRecoveryRegion=12 pendingRecoveryChains=2 recoveryCooldownChains=2 recoveryFusedChains=1 recoveryFuseTrips=7 suppressedRecoveries=6 mode2Sync=ROTATION_ONLY fidelityDebug=BONE drivenBones=457 mode2Bodies=383 sampledVertices=0 bulletBonePosMax=18.8906 bulletBonePosAvg=1.69453 bulletBoneRotMaxDeg=0 bulletBoneRotAvgDeg=0 mode2DeltaMax=19.261 mode2DeltaAvg=2.11167 active=495 sleeping=0 constraints=565 manifolds=1520 contacts=467 peakContacts=924 finite=true
[PHYSICS STATS] build=RelWithDebInfo fps=168.908 frameMs=5.9204 physicsMs=2.939 peakPhysicsMs=12.2754 fixedMs=16.6667 substeps=1 peakSubsteps=4 stabilizationSubsteps=0 accumulatorMs=2.44723 droppedMs=0 peakDroppedMs=48.2805 catchUpLimited=false bodies=495 static=0 dynamic=457 kinematic=38 ccdBodies=325 boxMarginMin=0.008 boxMarginMax=0.04 solverIterations=15 splitImpulse=true splitImpulseThreshold=-0.02 recoveryChains=9 recoveryPhysicsTicks=2520 recoveries=38 recoveredBodies=211 largestRecoveryRegion=12 pendingRecoveryChains=2 recoveryCooldownChains=1 recoveryFusedChains=1 recoveryFuseTrips=7 suppressedRecoveries=6 mode2Sync=ROTATION_ONLY fidelityDebug=BONE drivenBones=457 mode2Bodies=383 sampledVertices=0 bulletBonePosMax=15.7445 bulletBonePosAvg=1.70486 bulletBoneRotMaxDeg=0 bulletBoneRotAvgDeg=0 mode2DeltaMax=15.9823 mode2DeltaAvg=2.12592 active=495 sleeping=0 constraints=565 manifolds=1479 contacts=475 peakContacts=924 finite=true
[PHYSICS STATS] build=RelWithDebInfo fps=161.405 frameMs=6.1956 physicsMs=2.8976 peakPhysicsMs=12.2754 fixedMs=16.6667 substeps=1 peakSubsteps=4 stabilizationSubsteps=0 accumulatorMs=3.20107 droppedMs=0 peakDroppedMs=48.2805 catchUpLimited=false bodies=495 static=0 dynamic=457 kinematic=38 ccdBodies=325 boxMarginMin=0.008 boxMarginMax=0.04 solverIterations=15 splitImpulse=true splitImpulseThreshold=-0.02 recoveryChains=9 recoveryPhysicsTicks=2580 recoveries=38 recoveredBodies=211 largestRecoveryRegion=12 pendingRecoveryChains=3 recoveryCooldownChains=1 recoveryFusedChains=1 recoveryFuseTrips=7 suppressedRecoveries=6 mode2Sync=ROTATION_ONLY fidelityDebug=BONE drivenBones=457 mode2Bodies=383 sampledVertices=0 bulletBonePosMax=10.4723 bulletBonePosAvg=1.63628 bulletBoneRotMaxDeg=0 bulletBoneRotAvgDeg=0 mode2DeltaMax=10.4504 mode2DeltaAvg=2.04553 active=495 sleeping=0 constraints=565 manifolds=1563 contacts=451 peakContacts=924 finite=true
[MMD FIDELITY] mode2=FULL_BODY
[MMD RECOVERY] chain=6 localBodies=5 chainBodies=24 reason=runaway seedBody=425:"宸d_19" joint=none abnormalMs=450 positionError=6.94066 linearViolation=0 angularViolationDeg=0 linearSpeed=0 angularSpeed=0 total=39
[MMD RECOVERY FUSE] chain=6 tripped=true durationMs=10000 recoveriesInWindow=3 totalTrips=8
[MMD RECOVERY] chain=0 localBodies=5 chainBodies=290 reason=runaway seedBody=268:"Skirt_11_1" joint=none abnormalMs=1500 positionError=7.17475 linearViolation=0 angularViolationDeg=0 linearSpeed=0 angularSpeed=0 total=40
[PHYSICS STATS] build=RelWithDebInfo fps=164.034 frameMs=6.0963 physicsMs=0.392 peakPhysicsMs=12.2754 fixedMs=16.6667 substeps=0 peakSubsteps=4 stabilizationSubsteps=0 accumulatorMs=8.37162 droppedMs=0 peakDroppedMs=48.2805 catchUpLimited=false bodies=495 static=0 dynamic=457 kinematic=38 ccdBodies=325 boxMarginMin=0.008 boxMarginMax=0.04 solverIterations=15 splitImpulse=true splitImpulseThreshold=-0.02 recoveryChains=9 recoveryPhysicsTicks=2640 recoveries=40 recoveredBodies=221 largestRecoveryRegion=12 pendingRecoveryChains=2 recoveryCooldownChains=2 recoveryFusedChains=2 recoveryFuseTrips=8 suppressedRecoveries=6 mode2Sync=FULL_BODY fidelityDebug=BONE drivenBones=457 mode2Bodies=383 sampledVertices=0 bulletBonePosMax=1.14591e-05 bulletBonePosAvg=2.76829e-06 bulletBoneRotMaxDeg=0.0395647 bulletBoneRotAvgDeg=8.65748e-05 mode2DeltaMax=9.53407 mode2DeltaAvg=2.08126 active=495 sleeping=0 constraints=565 manifolds=1578 contacts=480 peakContacts=924 finite=true
[PHYSICS STATS] build=RelWithDebInfo fps=193.334 frameMs=5.1724 physicsMs=0.4114 peakPhysicsMs=12.2754 fixedMs=16.6667 substeps=0 peakSubsteps=4 stabilizationSubsteps=0 accumulatorMs=13.4732 droppedMs=0 peakDroppedMs=48.2805 catchUpLimited=false bodies=495 static=0 dynamic=457 kinematic=38 ccdBodies=325 boxMarginMin=0.008 boxMarginMax=0.04 solverIterations=15 splitImpulse=true splitImpulseThreshold=-0.02 recoveryChains=9 recoveryPhysicsTicks=2700 recoveries=40 recoveredBodies=221 largestRecoveryRegion=12 pendingRecoveryChains=2 recoveryCooldownChains=2 recoveryFusedChains=2 recoveryFuseTrips=8 suppressedRecoveries=6 mode2Sync=FULL_BODY fidelityDebug=BONE drivenBones=457 mode2Bodies=383 sampledVertices=0 bulletBonePosMax=1.41774e-05 bulletBonePosAvg=3.28325e-06 bulletBoneRotMaxDeg=0.0395647 bulletBoneRotAvgDeg=8.65748e-05 mode2DeltaMax=11.0756 mode2DeltaAvg=2.0359 active=495 sleeping=0 constraints=565 manifolds=1588 contacts=487 peakContacts=924 finite=true
[PHYSICS STATS] build=RelWithDebInfo fps=199.94 frameMs=5.0015 physicsMs=2.938 peakPhysicsMs=12.2754 fixedMs=16.6667 substeps=1 peakSubsteps=4 stabilizationSubsteps=0 accumulatorMs=0.382651 droppedMs=0 peakDroppedMs=48.2805 catchUpLimited=false bodies=495 static=0 dynamic=457 kinematic=38 ccdBodies=325 boxMarginMin=0.008 boxMarginMax=0.04 solverIterations=15 splitImpulse=true splitImpulseThreshold=-0.02 recoveryChains=9 recoveryPhysicsTicks=2761 recoveries=40 recoveredBodies=221 largestRecoveryRegion=12 pendingRecoveryChains=3 recoveryCooldownChains=2 recoveryFusedChains=2 recoveryFuseTrips=8 suppressedRecoveries=6 mode2Sync=FULL_BODY fidelityDebug=BONE drivenBones=457 mode2Bodies=383 sampledVertices=0 bulletBonePosMax=1.79749e-05 bulletBonePosAvg=2.95326e-06 bulletBoneRotMaxDeg=0.0395647 bulletBoneRotAvgDeg=0.000259724 mode2DeltaMax=16.6699 mode2DeltaAvg=2.12675 active=495 sleeping=0 constraints=565 manifolds=1556 contacts=461 peakContacts=924 finite=true
[MMD INIT STAGE] stage=before-reset steps=0 finite=true maxJointPos=13.5955 maxJointRotDeg=85.3636 maxLinearViolation=1.1939 maxAngularViolationDeg=57.5603 stabilizationLinearViolation=1.1939 stabilizationAngularViolationDeg=57.5603 ignoredWideTravelJoints=48 severeJoints=21 jointIndex=563 joint="S" bodyA="B" bodyB="B" linearViolationJointIndex=315 linearViolationJoint="Skirt_2_1" angularViolationJointIndex=96 angularViolationJoint="B"
[MMD INIT STAGE] stage=after-reset steps=0 finite=true maxJointPos=13.0635 maxJointRotDeg=94.7332 maxLinearViolation=7.62939e-06 maxAngularViolationDeg=97.4544 stabilizationLinearViolation=7.62939e-06 stabilizationAngularViolationDeg=2.71607e-05 ignoredWideTravelJoints=48 severeJoints=0 jointIndex=512 joint="S" bodyA="B" bodyB="B" linearViolationJointIndex=89 linearViolationJoint="鍙砪f_4" angularViolationJointIndex=510 angularViolationJoint="S"
[MMD INIT STAGE] stage=pre-warmup-reset steps=0 finite=true maxJointPos=13.0635 maxJointRotDeg=94.7332 maxLinearViolation=7.62939e-06 maxAngularViolationDeg=97.4544 stabilizationLinearViolation=7.62939e-06 stabilizationAngularViolationDeg=2.71607e-05 ignoredWideTravelJoints=48 severeJoints=0 jointIndex=512 joint="S" bodyA="B" bodyB="B" linearViolationJointIndex=89 linearViolationJoint="鍙砪f_4" angularViolationJointIndex=510 angularViolationJoint="S"
[MMD INIT] warmup=not_required maxLinearViolation=7.62939e-06 maxAngularViolationDeg=2.71607e-05
[MMD RECOVERY] chain=6 localBodies=5 chainBodies=24 reason=runaway seedBody=425:"宸d_19" joint=none abnormalMs=450 positionError=9.96531 linearViolation=0 angularViolationDeg=0 linearSpeed=0 angularSpeed=0 total=41
[MMD RECOVERY] chain=5 localBodies=5 chainBodies=24 reason=runaway seedBody=444:"鍙硍d_19" joint=none abnormalMs=450 positionError=9.71513 linearViolation=0 angularViolationDeg=0 linearSpeed=0 angularSpeed=0 total=42
[PHYSICS STATS] build=RelWithDebInfo fps=164.593 frameMs=6.0756 physicsMs=2.9558 peakPhysicsMs=12.2754 fixedMs=16.6667 substeps=1 peakSubsteps=4 stabilizationSubsteps=0 accumulatorMs=6.0054 droppedMs=0 peakDroppedMs=48.2805 catchUpLimited=false bodies=495 static=0 dynamic=457 kinematic=38 ccdBodies=325 boxMarginMin=0.008 boxMarginMax=0.04 solverIterations=15 splitImpulse=true splitImpulseThreshold=-0.02 recoveryChains=9 recoveryPhysicsTicks=2821 recoveries=42 recoveredBodies=231 largestRecoveryRegion=12 pendingRecoveryChains=3 recoveryCooldownChains=2 recoveryFusedChains=0 recoveryFuseTrips=8 suppressedRecoveries=6 mode2Sync=FULL_BODY fidelityDebug=BONE drivenBones=457 mode2Bodies=383 sampledVertices=0 bulletBonePosMax=1.28149e-05 bulletBonePosAvg=2.98043e-06 bulletBoneRotMaxDeg=0 bulletBoneRotAvgDeg=0 mode2DeltaMax=6.36797 mode2DeltaAvg=1.12918 active=495 sleeping=0 constraints=565 manifolds=1480 contacts=463 peakContacts=924 finite=true
[MMD RECOVERY] chain=1 localBodies=12 chainBodies=99 reason=runaway seedBody=399:"宸﹀悗q_7" joint=none abnormalMs=283.333 positionError=10.0937 linearViolation=0 angularViolationDeg=0 linearSpeed=0 angularSpeed=0 total=43
[MMD RECOVERY] chain=1 localBodies=12 chainBodies=99 reason=runaway seedBody=399:"宸﹀悗q_7" joint=none abnormalMs=200 positionError=10.1736 linearViolation=0 angularViolationDeg=0 linearSpeed=0 angularSpeed=0 total=44
[PHYSICS STATS] build=RelWithDebInfo fps=159.954 frameMs=6.2518 physicsMs=0.3794 peakPhysicsMs=12.2754 fixedMs=16.6667 substeps=0 peakSubsteps=4 stabilizationSubsteps=0 accumulatorMs=9.36245 droppedMs=0 peakDroppedMs=48.2805 catchUpLimited=false bodies=495 static=0 dynamic=457 kinematic=38 ccdBodies=325 boxMarginMin=0.008 boxMarginMax=0.04 solverIterations=15 splitImpulse=true splitImpulseThreshold=-0.02 recoveryChains=9 recoveryPhysicsTicks=2881 recoveries=44 recoveredBodies=255 largestRecoveryRegion=12 pendingRecoveryChains=2 recoveryCooldownChains=3 recoveryFusedChains=0 recoveryFuseTrips=8 suppressedRecoveries=6 mode2Sync=FULL_BODY fidelityDebug=BONE drivenBones=457 mode2Bodies=383 sampledVertices=0 bulletBonePosMax=1.14565e-05 bulletBonePosAvg=3.2539e-06 bulletBoneRotMaxDeg=0.0395647 bulletBoneRotAvgDeg=8.65748e-05 mode2DeltaMax=10.3377 mode2DeltaAvg=1.66193 active=495 sleeping=0 constraints=565 manifolds=1521 contacts=473 peakContacts=924 finite=true
[MMD RECOVERY] chain=1 localBodies=12 chainBodies=99 reason=runaway seedBody=399:"宸﹀悗q_7" joint=none abnormalMs=83.3333 positionError=10.0472 linearViolation=0 angularViolationDeg=0 linearSpeed=0 angularSpeed=0 total=45
[MMD RECOVERY FUSE] chain=1 tripped=true durationMs=10000 recoveriesInWindow=3 totalTrips=9
[MMD RECOVERY FUSE] chain=1 reason=runaway remainingMs=9916.67 suppressed=7
[MMD RECOVERY FUSE] chain=1 reason=runaway remainingMs=9733.34 suppressed=8
[MMD RECOVERY FUSE] chain=1 reason=runaway remainingMs=9366.68 suppressed=9
[PHYSICS STATS] build=RelWithDebInfo fps=184.727 frameMs=5.4134 physicsMs=0.46 peakPhysicsMs=12.2754 fixedMs=16.6667 substeps=0 peakSubsteps=4 stabilizationSubsteps=0 accumulatorMs=9.40279 droppedMs=0 peakDroppedMs=48.2805 catchUpLimited=false bodies=495 static=0 dynamic=457 kinematic=38 ccdBodies=325 boxMarginMin=0.008 boxMarginMax=0.04 solverIterations=15 splitImpulse=true splitImpulseThreshold=-0.02 recoveryChains=9 recoveryPhysicsTicks=2941 recoveries=45 recoveredBodies=267 largestRecoveryRegion=12 pendingRecoveryChains=1 recoveryCooldownChains=3 recoveryFusedChains=1 recoveryFuseTrips=9 suppressedRecoveries=9 mode2Sync=FULL_BODY fidelityDebug=BONE drivenBones=457 mode2Bodies=383 sampledVertices=0 bulletBonePosMax=1.1019e-05 bulletBonePosAvg=2.91185e-06 bulletBoneRotMaxDeg=0 bulletBoneRotAvgDeg=0 mode2DeltaMax=9.15571 mode2DeltaAvg=1.48073 active=495 sleeping=0 constraints=565 manifolds=1644 contacts=454 peakContacts=924 finite=true
[MMD RECOVERY FUSE] chain=1 reason=runaway remainingMs=8933.35 suppressed=10
[MMD RECOVERY FUSE] chain=1 reason=runaway remainingMs=8866.68 suppressed=11
[MMD RECOVERY] chain=5 localBodies=5 chainBodies=24 reason=runaway seedBody=444:"鍙硍d_19" joint=none abnormalMs=233.333 positionError=10.0048 linearViolation=0 angularViolationDeg=0 linearSpeed=0 angularSpeed=0 total=46
[MMD RECOVERY FUSE] chain=1 reason=runaway remainingMs=8766.69 suppressed=12
[MMD RECOVERY FUSE] chain=1 reason=runaway remainingMs=8533.36 suppressed=13
[MMD RECOVERY FUSE] chain=1 reason=runaway remainingMs=8400.02 suppressed=14
[MMD RECOVERY] chain=6 localBodies=5 chainBodies=24 reason=runaway seedBody=425:"宸d_19" joint=none abnormalMs=700 positionError=7.60276 linearViolation=0 angularViolationDeg=0 linearSpeed=0 angularSpeed=0 total=47
[PHYSICS STATS] build=RelWithDebInfo fps=188.997 frameMs=5.2911 physicsMs=0.3995 peakPhysicsMs=12.2754 fixedMs=16.6667 substeps=0 peakSubsteps=4 stabilizationSubsteps=0 accumulatorMs=11.7234 droppedMs=0 peakDroppedMs=48.2805 catchUpLimited=false bodies=495 static=0 dynamic=457 kinematic=38 ccdBodies=325 boxMarginMin=0.008 boxMarginMax=0.04 solverIterations=15 splitImpulse=true splitImpulseThreshold=-0.02 recoveryChains=9 recoveryPhysicsTicks=3001 recoveries=47 recoveredBodies=277 largestRecoveryRegion=12 pendingRecoveryChains=1 recoveryCooldownChains=3 recoveryFusedChains=1 recoveryFuseTrips=9 suppressedRecoveries=14 mode2Sync=FULL_BODY fidelityDebug=BONE drivenBones=457 mode2Bodies=383 sampledVertices=0 bulletBonePosMax=1.09257e-05 bulletBonePosAvg=2.49744e-06 bulletBoneRotMaxDeg=0.0395647 bulletBoneRotAvgDeg=8.65748e-05 mode2DeltaMax=13.3732 mode2DeltaAvg=1.60625 active=495 sleeping=0 constraints=565 manifolds=1605 contacts=484 peakContacts=924 finite=true
[MMD ALIGN] debug overlay=BIND (1)
[MMD RECOVERY FUSE] chain=1 reason=runaway remainingMs=7916.7 suppressed=15
[MMD ALIGN] debug overlay=RESET (2)
[PHYSICS STATS] build=RelWithDebInfo fps=194.602 frameMs=5.1387 physicsMs=0.5187 peakPhysicsMs=12.2754 fixedMs=16.6667 substeps=0 peakSubsteps=4 stabilizationSubsteps=0 accumulatorMs=16.5944 droppedMs=0 peakDroppedMs=48.2805 catchUpLimited=false bodies=495 static=0 dynamic=457 kinematic=38 ccdBodies=325 boxMarginMin=0.008 boxMarginMax=0.04 solverIterations=15 splitImpulse=true splitImpulseThreshold=-0.02 recoveryChains=9 recoveryPhysicsTicks=3061 recoveries=47 recoveredBodies=277 largestRecoveryRegion=12 pendingRecoveryChains=1 recoveryCooldownChains=3 recoveryFusedChains=1 recoveryFuseTrips=9 suppressedRecoveries=15 mode2Sync=FULL_BODY fidelityDebug=BONE drivenBones=457 mode2Bodies=383 sampledVertices=0 bulletBonePosMax=1.25985e-05 bulletBonePosAvg=3.05259e-06 bulletBoneRotMaxDeg=0.0395647 bulletBoneRotAvgDeg=8.65748e-05 mode2DeltaMax=11.0871 mode2DeltaAvg=1.5122 active=495 sleeping=0 constraints=565 manifolds=1589 contacts=462 peakContacts=924 finite=true
[MMD ALIGN] debug overlay=RUNTIME (3)
[PHYSICS STATS] build=RelWithDebInfo fps=166.706 frameMs=5.9986 physicsMs=3.0638 peakPhysicsMs=12.2754 fixedMs=16.6667 substeps=1 peakSubsteps=4 stabilizationSubsteps=0 accumulatorMs=4.89117 droppedMs=0 peakDroppedMs=48.2805 catchUpLimited=false bodies=495 static=0 dynamic=457 kinematic=38 ccdBodies=325 boxMarginMin=0.008 boxMarginMax=0.04 solverIterations=15 splitImpulse=true splitImpulseThreshold=-0.02 recoveryChains=9 recoveryPhysicsTicks=3122 recoveries=47 recoveredBodies=277 largestRecoveryRegion=12 pendingRecoveryChains=1 recoveryCooldownChains=2 recoveryFusedChains=1 recoveryFuseTrips=9 suppressedRecoveries=15 mode2Sync=FULL_BODY fidelityDebug=BONE drivenBones=457 mode2Bodies=383 sampledVertices=0 bulletBonePosMax=8.81827e-06 bulletBonePosAvg=2.80438e-06 bulletBoneRotMaxDeg=0.0395647 bulletBoneRotAvgDeg=8.65748e-05 mode2DeltaMax=11.9759 mode2DeltaAvg=1.62799 active=495 sleeping=0 constraints=565 manifolds=1550 contacts=498 peakContacts=924 finite=true
[PHYSICS STATS] build=RelWithDebInfo fps=134.591 frameMs=7.4299 physicsMs=0.3899 peakPhysicsMs=12.2754 fixedMs=16.6667 substeps=0 peakSubsteps=4 stabilizationSubsteps=0 accumulatorMs=8.76792 droppedMs=0 peakDroppedMs=48.2805 catchUpLimited=false bodies=495 static=0 dynamic=457 kinematic=38 ccdBodies=325 boxMarginMin=0.008 boxMarginMax=0.04 solverIterations=15 splitImpulse=true splitImpulseThreshold=-0.02 recoveryChains=9 recoveryPhysicsTicks=3182 recoveries=47 recoveredBodies=277 largestRecoveryRegion=12 pendingRecoveryChains=2 recoveryCooldownChains=0 recoveryFusedChains=1 recoveryFuseTrips=9 suppressedRecoveries=15 mode2Sync=FULL_BODY fidelityDebug=BONE drivenBones=457 mode2Bodies=383 sampledVertices=0 bulletBonePosMax=1.26835e-05 bulletBonePosAvg=3.10911e-06 bulletBoneRotMaxDeg=0.0395647 bulletBoneRotAvgDeg=0.000259724 mode2DeltaMax=12.4546 mode2DeltaAvg=2.03645 active=495 sleeping=0 constraints=565 manifolds=1508 contacts=461 peakContacts=924 finite=true
[MMD RECOVERY] chain=0 localBodies=9 chainBodies=290 reason=joint_violation seedBody=183:"Skirt_16_1" joint=180:"Skirt_17_1" abnormalMs=450 positionError=1.23628 linearViolation=1.19631 angularViolationDeg=2.32488 linearSpeed=0 angularSpeed=0 total=48
[MMD ALIGN] debug overlay=ALL (4)
[PHYSICS STATS] build=RelWithDebInfo fps=67.4018 frameMs=14.8364 physicsMs=3.5719 peakPhysicsMs=12.2754 fixedMs=16.6667 substeps=1 peakSubsteps=4 stabilizationSubsteps=0 accumulatorMs=6.48787 droppedMs=0 peakDroppedMs=48.2805 catchUpLimited=false bodies=495 static=0 dynamic=457 kinematic=38 ccdBodies=325 boxMarginMin=0.008 boxMarginMax=0.04 solverIterations=15 splitImpulse=true splitImpulseThreshold=-0.02 recoveryChains=9 recoveryPhysicsTicks=3242 recoveries=48 recoveredBodies=286 largestRecoveryRegion=12 pendingRecoveryChains=3 recoveryCooldownChains=1 recoveryFusedChains=1 recoveryFuseTrips=9 suppressedRecoveries=15 mode2Sync=FULL_BODY fidelityDebug=BONE drivenBones=457 mode2Bodies=383 sampledVertices=0 bulletBonePosMax=1.20047e-05 bulletBonePosAvg=3.35727e-06 bulletBoneRotMaxDeg=0.0395647 bulletBoneRotAvgDeg=8.65748e-05 mode2DeltaMax=12.848 mode2DeltaAvg=1.90347 active=495 sleeping=0 constraints=565 manifolds=1710 contacts=483 peakContacts=924 finite=true
[MMD ALIGN] debug overlay=OFF (0)
[MMD RECOVERY] chain=6 localBodies=5 chainBodies=24 reason=runaway seedBody=425:"宸d_19" joint=none abnormalMs=450 positionError=6.95051 linearViolation=0 angularViolationDeg=0 linearSpeed=0 angularSpeed=0 total=49
[MMD RECOVERY FUSE] chain=6 tripped=true durationMs=10000 recoveriesInWindow=3 totalTrips=10
[PHYSICS STATS] build=RelWithDebInfo fps=141.249 frameMs=7.0797 physicsMs=3.098 peakPhysicsMs=12.2754 fixedMs=16.6667 substeps=1 peakSubsteps=4 stabilizationSubsteps=0 accumulatorMs=3.97045 droppedMs=0 peakDroppedMs=48.2805 catchUpLimited=false bodies=495 static=0 dynamic=457 kinematic=38 ccdBodies=325 boxMarginMin=0.008 boxMarginMax=0.04 solverIterations=15 splitImpulse=true splitImpulseThreshold=-0.02 recoveryChains=9 recoveryPhysicsTicks=3303 recoveries=49 recoveredBodies=291 largestRecoveryRegion=12 pendingRecoveryChains=2 recoveryCooldownChains=2 recoveryFusedChains=2 recoveryFuseTrips=10 suppressedRecoveries=15 mode2Sync=FULL_BODY fidelityDebug=BONE drivenBones=457 mode2Bodies=383 sampledVertices=0 bulletBonePosMax=9.56353e-06 bulletBonePosAvg=2.80923e-06 bulletBoneRotMaxDeg=0.0395647 bulletBoneRotAvgDeg=8.65748e-05 mode2DeltaMax=14.284 mode2DeltaAvg=1.91704 active=495 sleeping=0 constraints=565 manifolds=1712 contacts=458 peakContacts=924 finite=true
[MMD FIDELITY] debug=VERTEX
[PHYSICS STATS] build=RelWithDebInfo fps=159.5 frameMs=6.2696 physicsMs=0.3905 peakPhysicsMs=12.2754 fixedMs=16.6667 substeps=0 peakSubsteps=4 stabilizationSubsteps=0 accumulatorMs=7.24409 droppedMs=0 peakDroppedMs=48.2805 catchUpLimited=false bodies=495 static=0 dynamic=457 kinematic=38 ccdBodies=325 boxMarginMin=0.008 boxMarginMax=0.04 solverIterations=15 splitImpulse=true splitImpulseThreshold=-0.02 recoveryChains=9 recoveryPhysicsTicks=3363 recoveries=49 recoveredBodies=291 largestRecoveryRegion=12 pendingRecoveryChains=2 recoveryCooldownChains=2 recoveryFusedChains=2 recoveryFuseTrips=10 suppressedRecoveries=15 mode2Sync=FULL_BODY fidelityDebug=VERTEX drivenBones=457 mode2Bodies=383 sampledVertices=128 bulletBonePosMax=1.7651e-05 bulletBonePosAvg=3.46455e-06 bulletBoneRotMaxDeg=0.0395647 bulletBoneRotAvgDeg=8.65748e-05 mode2DeltaMax=10.6201 mode2DeltaAvg=1.92767 active=495 sleeping=0 constraints=565 manifolds=1662 contacts=492 peakContacts=924 finite=true
[MMD RECOVERY] chain=0 localBodies=5 chainBodies=290 reason=runaway seedBody=268:"Skirt_11_1" joint=none abnormalMs=2133.33 positionError=7.21875 linearViolation=0 angularViolationDeg=0 linearSpeed=0 angularSpeed=0 total=50
[PHYSICS STATS] build=RelWithDebInfo fps=135.247 frameMs=7.3939 physicsMs=0.458 peakPhysicsMs=12.2754 fixedMs=16.6667 substeps=0 peakSubsteps=4 stabilizationSubsteps=0 accumulatorMs=10.4633 droppedMs=0 peakDroppedMs=48.2805 catchUpLimited=false bodies=495 static=0 dynamic=457 kinematic=38 ccdBodies=325 boxMarginMin=0.008 boxMarginMax=0.04 solverIterations=15 splitImpulse=true splitImpulseThreshold=-0.02 recoveryChains=9 recoveryPhysicsTicks=3423 recoveries=50 recoveredBodies=296 largestRecoveryRegion=12 pendingRecoveryChains=2 recoveryCooldownChains=2 recoveryFusedChains=2 recoveryFuseTrips=10 suppressedRecoveries=15 mode2Sync=FULL_BODY fidelityDebug=VERTEX drivenBones=457 mode2Bodies=383 sampledVertices=128 bulletBonePosMax=8.78031e-06 bulletBonePosAvg=2.71454e-06 bulletBoneRotMaxDeg=0 bulletBoneRotAvgDeg=0 mode2DeltaMax=10.5853 mode2DeltaAvg=2.08443 active=495 sleeping=0 constraints=565 manifolds=1727 contacts=469 peakContacts=924 finite=true
[MMD INIT STAGE] stage=before-reset steps=0 finite=true maxJointPos=14.5183 maxJointRotDeg=85.55 maxLinearViolation=1.19645 maxAngularViolationDeg=60.0712 stabilizationLinearViolation=1.19645 stabilizationAngularViolationDeg=60.0712 ignoredWideTravelJoints=48 severeJoints=23 jointIndex=70 joint="S" bodyA="B" bodyB="B" linearViolationJointIndex=315 linearViolationJoint="Skirt_2_1" angularViolationJointIndex=96 angularViolationJoint="B"
[MMD INIT STAGE] stage=after-reset steps=0 finite=true maxJointPos=13.0623 maxJointRotDeg=94.7267 maxLinearViolation=7.62939e-06 maxAngularViolationDeg=97.4456 stabilizationLinearViolation=7.62939e-06 stabilizationAngularViolationDeg=2.84413e-05 ignoredWideTravelJoints=48 severeJoints=0 jointIndex=512 joint="S" bodyA="B" bodyB="B" linearViolationJointIndex=17 linearViolationJoint="Ctr_F_HairNewC_02" angularViolationJointIndex=510 angularViolationJoint="S"
[MMD INIT STAGE] stage=pre-warmup-reset steps=0 finite=true maxJointPos=13.0623 maxJointRotDeg=94.7267 maxLinearViolation=7.62939e-06 maxAngularViolationDeg=97.4456 stabilizationLinearViolation=7.62939e-06 stabilizationAngularViolationDeg=2.84413e-05 ignoredWideTravelJoints=48 severeJoints=0 jointIndex=512 joint="S" bodyA="B" bodyB="B" linearViolationJointIndex=17 linearViolationJoint="Ctr_F_HairNewC_02" angularViolationJointIndex=510 angularViolationJoint="S"
[MMD INIT] warmup=not_required maxLinearViolation=7.62939e-06 maxAngularViolationDeg=2.84413e-05
[MMD ALIGN] debug overlay=BIND (1)
[PHYSICS STATS] build=RelWithDebInfo fps=107.244 frameMs=9.3245 physicsMs=0.5352 peakPhysicsMs=12.2754 fixedMs=16.6667 substeps=0 peakSubsteps=4 stabilizationSubsteps=0 accumulatorMs=13.5285 droppedMs=0 peakDroppedMs=48.2805 catchUpLimited=false bodies=495 static=0 dynamic=457 kinematic=38 ccdBodies=325 boxMarginMin=0.008 boxMarginMax=0.04 solverIterations=15 splitImpulse=true splitImpulseThreshold=-0.02 recoveryChains=9 recoveryPhysicsTicks=3483 recoveries=50 recoveredBodies=296 largestRecoveryRegion=12 pendingRecoveryChains=3 recoveryCooldownChains=0 recoveryFusedChains=0 recoveryFuseTrips=10 suppressedRecoveries=15 mode2Sync=FULL_BODY fidelityDebug=VERTEX drivenBones=457 mode2Bodies=383 sampledVertices=128 bulletBonePosMax=1.62842e-05 bulletBonePosAvg=3.21756e-06 bulletBoneRotMaxDeg=0 bulletBoneRotAvgDeg=0 mode2DeltaMax=7.70679 mode2DeltaAvg=1.19943 active=495 sleeping=0 constraints=565 manifolds=1596 contacts=542 peakContacts=924 finite=true
[MMD RECOVERY] chain=6 localBodies=5 chainBodies=24 reason=runaway seedBody=425:"宸d_19" joint=none abnormalMs=450 positionError=9.95639 linearViolation=0 angularViolationDeg=0 linearSpeed=0 angularSpeed=0 total=51
[MMD RECOVERY] chain=5 localBodies=5 chainBodies=24 reason=runaway seedBody=444:"鍙硍d_19" joint=none abnormalMs=450 positionError=9.73309 linearViolation=0 angularViolationDeg=0 linearSpeed=0 angularSpeed=0 total=52
[MMD RECOVERY] chain=1 localBodies=12 chainBodies=99 reason=joint_violation seedBody=311:"Skirt_2_1" joint=316:"Skirt_3_1" abnormalMs=450 positionError=1.73992 linearViolation=1.71149 angularViolationDeg=3.70472 linearSpeed=0 angularSpeed=0 total=53
[MMD FIDELITY] debug=ALL
[PHYSICS STATS] build=RelWithDebInfo fps=187.168 frameMs=5.3428 physicsMs=3.4804 peakPhysicsMs=12.2754 fixedMs=16.6667 substeps=1 peakSubsteps=4 stabilizationSubsteps=0 accumulatorMs=0.842375 droppedMs=0 peakDroppedMs=48.2805 catchUpLimited=false bodies=495 static=0 dynamic=457 kinematic=38 ccdBodies=325 boxMarginMin=0.008 boxMarginMax=0.04 solverIterations=15 splitImpulse=true splitImpulseThreshold=-0.02 recoveryChains=9 recoveryPhysicsTicks=3544 recoveries=53 recoveredBodies=318 largestRecoveryRegion=12 pendingRecoveryChains=2 recoveryCooldownChains=3 recoveryFusedChains=0 recoveryFuseTrips=10 suppressedRecoveries=15 mode2Sync=FULL_BODY fidelityDebug=ALL drivenBones=457 mode2Bodies=383 sampledVertices=128 bulletBonePosMax=1.66091e-05 bulletBonePosAvg=2.85281e-06 bulletBoneRotMaxDeg=0 bulletBoneRotAvgDeg=0 mode2DeltaMax=11.094 mode2DeltaAvg=1.73905 active=495 sleeping=0 constraints=565 manifolds=1619 contacts=475 peakContacts=924 finite=true
[MMD RECOVERY] chain=1 localBodies=5 chainBodies=99 reason=runaway seedBody=328:"Skirt_19_1" joint=none abnormalMs=600 positionError=12.0961 linearViolation=0 angularViolationDeg=0 linearSpeed=0 angularSpeed=0 total=54
[MMD ALIGN] debug overlay=RESET (2)
[MMD ALIGN] debug overlay=RUNTIME (3)
[PHYSICS STATS] build=RelWithDebInfo fps=181.153 frameMs=5.5202 physicsMs=3.2526 peakPhysicsMs=12.2754 fixedMs=16.6667 substeps=1 peakSubsteps=4 stabilizationSubsteps=0 accumulatorMs=2.01522 droppedMs=0 peakDroppedMs=48.2805 catchUpLimited=false bodies=495 static=0 dynamic=457 kinematic=38 ccdBodies=325 boxMarginMin=0.008 boxMarginMax=0.04 solverIterations=15 splitImpulse=true splitImpulseThreshold=-0.02 recoveryChains=9 recoveryPhysicsTicks=3604 recoveries=54 recoveredBodies=323 largestRecoveryRegion=12 pendingRecoveryChains=3 recoveryCooldownChains=3 recoveryFusedChains=0 recoveryFuseTrips=10 suppressedRecoveries=15 mode2Sync=FULL_BODY fidelityDebug=ALL drivenBones=457 mode2Bodies=383 sampledVertices=128 bulletBonePosMax=1.33697e-05 bulletBonePosAvg=2.93378e-06 bulletBoneRotMaxDeg=0 bulletBoneRotAvgDeg=0 mode2DeltaMax=6.83241 mode2DeltaAvg=1.4223 active=495 sleeping=0 constraints=565 manifolds=1609 contacts=466 peakContacts=924 finite=true
[MMD RECOVERY] chain=1 localBodies=12 chainBodies=99 reason=runaway seedBody=399:"宸﹀悗q_7" joint=none abnormalMs=783.333 positionError=10.1021 linearViolation=0 angularViolationDeg=0 linearSpeed=0 angularSpeed=0 total=55
[MMD RECOVERY FUSE] chain=1 tripped=true durationMs=10000 recoveriesInWindow=3 totalTrips=11
[MMD RECOVERY FUSE] chain=1 reason=runaway remainingMs=9516.67 suppressed=16
[MMD RECOVERY] chain=5 localBodies=5 chainBodies=24 reason=runaway seedBody=444:"鍙硍d_19" joint=none abnormalMs=250 positionError=10.0562 linearViolation=0 angularViolationDeg=0 linearSpeed=0 angularSpeed=0 total=56
[PHYSICS STATS] build=RelWithDebInfo fps=177.283 frameMs=5.6407 physicsMs=3.646 peakPhysicsMs=12.2754 fixedMs=16.6667 substeps=1 peakSubsteps=4 stabilizationSubsteps=0 accumulatorMs=4.07647 droppedMs=0 peakDroppedMs=48.2805 catchUpLimited=false bodies=495 static=0 dynamic=457 kinematic=38 ccdBodies=325 boxMarginMin=0.008 boxMarginMax=0.04 solverIterations=15 splitImpulse=true splitImpulseThreshold=-0.02 recoveryChains=9 recoveryPhysicsTicks=3664 recoveries=56 recoveredBodies=340 largestRecoveryRegion=12 pendingRecoveryChains=3 recoveryCooldownChains=3 recoveryFusedChains=1 recoveryFuseTrips=11 suppressedRecoveries=16 mode2Sync=FULL_BODY fidelityDebug=ALL drivenBones=457 mode2Bodies=383 sampledVertices=128 bulletBonePosMax=1.39052e-05 bulletBonePosAvg=3.38461e-06 bulletBoneRotMaxDeg=0 bulletBoneRotAvgDeg=0 mode2DeltaMax=10.2543 mode2DeltaAvg=1.63042 active=495 sleeping=0 constraints=565 manifolds=1565 contacts=460 peakContacts=924 finite=true
[MMD RECOVERY] chain=6 localBodies=5 chainBodies=24 reason=runaway seedBody=425:"宸d_19" joint=none abnormalMs=700 positionError=7.63809 linearViolation=0 angularViolationDeg=0 linearSpeed=0 angularSpeed=0 total=57
[MMD RECOVERY FUSE] chain=1 reason=runaway remainingMs=8450.02 suppressed=17
[PHYSICS STATS] build=RelWithDebInfo fps=112.922 frameMs=8.8557 physicsMs=0.4299 peakPhysicsMs=12.2754 fixedMs=16.6667 substeps=0 peakSubsteps=4 stabilizationSubsteps=0 accumulatorMs=12.0868 droppedMs=0 peakDroppedMs=48.2805 catchUpLimited=false bodies=495 static=0 dynamic=457 kinematic=38 ccdBodies=325 boxMarginMin=0.008 boxMarginMax=0.04 solverIterations=15 splitImpulse=true splitImpulseThreshold=-0.02 recoveryChains=9 recoveryPhysicsTicks=3724 recoveries=57 recoveredBodies=345 largestRecoveryRegion=12 pendingRecoveryChains=2 recoveryCooldownChains=3 recoveryFusedChains=1 recoveryFuseTrips=11 suppressedRecoveries=17 mode2Sync=FULL_BODY fidelityDebug=ALL drivenBones=457 mode2Bodies=383 sampledVertices=128 bulletBonePosMax=7.84028e-06 bulletBonePosAvg=2.27225e-06 bulletBoneRotMaxDeg=0.0395647 bulletBoneRotAvgDeg=0.00017315 mode2DeltaMax=10.6694 mode2DeltaAvg=1.48134 active=495 sleeping=0 constraints=565 manifolds=1556 contacts=492 peakContacts=924 finite=true
[MMD RECOVERY FUSE] chain=1 reason=runaway remainingMs=7933.36 suppressed=18
[PHYSICS STATS] build=RelWithDebInfo fps=127.941 frameMs=7.8161 physicsMs=0.4279 peakPhysicsMs=12.2754 fixedMs=16.6667 substeps=0 peakSubsteps=4 stabilizationSubsteps=0 accumulatorMs=13.1184 droppedMs=0 peakDroppedMs=48.2805 catchUpLimited=false bodies=495 static=0 dynamic=457 kinematic=38 ccdBodies=325 boxMarginMin=0.008 boxMarginMax=0.04 solverIterations=15 splitImpulse=true splitImpulseThreshold=-0.02 recoveryChains=9 recoveryPhysicsTicks=3784 recoveries=57 recoveredBodies=345 largestRecoveryRegion=12 pendingRecoveryChains=1 recoveryCooldownChains=3 recoveryFusedChains=1 recoveryFuseTrips=11 suppressedRecoveries=18 mode2Sync=FULL_BODY fidelityDebug=ALL drivenBones=457 mode2Bodies=383 sampledVertices=128 bulletBonePosMax=1.10383e-05 bulletBonePosAvg=2.78402e-06 bulletBoneRotMaxDeg=0.0395647 bulletBoneRotAvgDeg=0.00017315 mode2DeltaMax=13.408 mode2DeltaAvg=1.83942 active=495 sleeping=0 constraints=565 manifolds=1548 contacts=465 peakContacts=924 finite=true
[PHYSICS STATS] build=RelWithDebInfo fps=169.921 frameMs=5.8851 physicsMs=0.5269 peakPhysicsMs=12.2754 fixedMs=16.6667 substeps=0 peakSubsteps=4 stabilizationSubsteps=0 accumulatorMs=14.5154 droppedMs=0 peakDroppedMs=48.2805 catchUpLimited=false bodies=495 static=0 dynamic=457 kinematic=38 ccdBodies=325 boxMarginMin=0.008 boxMarginMax=0.04 solverIterations=15 splitImpulse=true splitImpulseThreshold=-0.02 recoveryChains=9 recoveryPhysicsTicks=3844 recoveries=57 recoveredBodies=345 largestRecoveryRegion=12 pendingRecoveryChains=1 recoveryCooldownChains=1 recoveryFusedChains=1 recoveryFuseTrips=11 suppressedRecoveries=18 mode2Sync=FULL_BODY fidelityDebug=ALL drivenBones=457 mode2Bodies=383 sampledVertices=128 bulletBonePosMax=7.01615e-06 bulletBonePosAvg=2.27823e-06 bulletBoneRotMaxDeg=0.0395647 bulletBoneRotAvgDeg=0.000346299 mode2DeltaMax=13.0464 mode2DeltaAvg=1.99477 active=495 sleeping=0 constraints=565 manifolds=1587 contacts=459 peakContacts=924 finite=true
[MMD RECOVERY] chain=0 localBodies=5 chainBodies=290 reason=runaway seedBody=187:"Skirt_20_1" joint=none abnormalMs=450 positionError=12.5355 linearViolation=0 angularViolationDeg=0 linearSpeed=0 angularSpeed=0 total=58
[MMD FIDELITY] debug=OFF
[PHYSICS STATS] build=RelWithDebInfo fps=160.805 frameMs=6.2187 physicsMs=0.4335 peakPhysicsMs=12.2754 fixedMs=16.6667 substeps=0 peakSubsteps=4 stabilizationSubsteps=0 accumulatorMs=15.2262 droppedMs=0 peakDroppedMs=48.2805 catchUpLimited=false bodies=495 static=0 dynamic=457 kinematic=38 ccdBodies=325 boxMarginMin=0.008 boxMarginMax=0.04 solverIterations=15 splitImpulse=true splitImpulseThreshold=-0.02 recoveryChains=9 recoveryPhysicsTicks=3904 recoveries=58 recoveredBodies=350 largestRecoveryRegion=12 pendingRecoveryChains=2 recoveryCooldownChains=1 recoveryFusedChains=1 recoveryFuseTrips=11 suppressedRecoveries=18 mode2Sync=FULL_BODY fidelityDebug=OFF drivenBones=457 mode2Bodies=383 sampledVertices=0 bulletBonePosMax=1.20251e-05 bulletBonePosAvg=2.87353e-06 bulletBoneRotMaxDeg=0.0395647 bulletBoneRotAvgDeg=8.65748e-05 mode2DeltaMax=14.356 mode2DeltaAvg=2.00263 active=495 sleeping=0 constraints=565 manifolds=1530 contacts=474 peakContacts=924 finite=true
[PHYSICS STATS] build=RelWithDebInfo fps=139.899 frameMs=7.148 physicsMs=3.0635 peakPhysicsMs=12.2754 fixedMs=16.6667 substeps=1 peakSubsteps=4 stabilizationSubsteps=0 accumulatorMs=2.82514 droppedMs=0 peakDroppedMs=48.2805 catchUpLimited=false bodies=495 static=0 dynamic=457 kinematic=38 ccdBodies=325 boxMarginMin=0.008 boxMarginMax=0.04 solverIterations=15 splitImpulse=true splitImpulseThreshold=-0.02 recoveryChains=9 recoveryPhysicsTicks=3965 recoveries=58 recoveredBodies=350 largestRecoveryRegion=12 pendingRecoveryChains=4 recoveryCooldownChains=1 recoveryFusedChains=1 recoveryFuseTrips=11 suppressedRecoveries=18 mode2Sync=FULL_BODY fidelityDebug=OFF drivenBones=457 mode2Bodies=383 sampledVertices=0 bulletBonePosMax=1.04088e-05 bulletBonePosAvg=2.93752e-06 bulletBoneRotMaxDeg=0 bulletBoneRotAvgDeg=0 mode2DeltaMax=12.5975 mode2DeltaAvg=1.99008 active=495 sleeping=0 constraints=565 manifolds=1578 contacts=488 peakContacts=924 finite=true
[MMD RECOVERY] chain=6 localBodies=5 chainBodies=24 reason=runaway seedBody=425:"宸d_19" joint=none abnormalMs=450 positionError=6.91477 linearViolation=0 angularViolationDeg=0 linearSpeed=0 angularSpeed=0 total=59
[MMD RECOVERY FUSE] chain=6 tripped=true durationMs=10000 recoveriesInWindow=3 totalTrips=12
[PHYSICS STATS] build=RelWithDebInfo fps=135.676 frameMs=7.3705 physicsMs=3.0391 peakPhysicsMs=12.2754 fixedMs=16.6667 substeps=1 peakSubsteps=4 stabilizationSubsteps=0 accumulatorMs=4.41928 droppedMs=0 peakDroppedMs=48.2805 catchUpLimited=false bodies=495 static=0 dynamic=457 kinematic=38 ccdBodies=325 boxMarginMin=0.008 boxMarginMax=0.04 solverIterations=15 splitImpulse=true splitImpulseThreshold=-0.02 recoveryChains=9 recoveryPhysicsTicks=4025 recoveries=59 recoveredBodies=355 largestRecoveryRegion=12 pendingRecoveryChains=2 recoveryCooldownChains=2 recoveryFusedChains=2 recoveryFuseTrips=12 suppressedRecoveries=18 mode2Sync=FULL_BODY fidelityDebug=OFF drivenBones=457 mode2Bodies=383 sampledVertices=0 bulletBonePosMax=9.56724e-06 bulletBonePosAvg=3.08831e-06 bulletBoneRotMaxDeg=0.0395647 bulletBoneRotAvgDeg=8.65748e-05 mode2DeltaMax=14.4506 mode2DeltaAvg=2.24676 active=495 sleeping=0 constraints=565 manifolds=1606 contacts=479 peakContacts=924 finite=true
[MMD FIDELITY] debug=BONE
[PHYSICS STATS] build=RelWithDebInfo fps=133.751 frameMs=7.4766 physicsMs=0.4113 peakPhysicsMs=12.2754 fixedMs=16.6667 substeps=0 peakSubsteps=4 stabilizationSubsteps=0 accumulatorMs=7.55183 droppedMs=0 peakDroppedMs=48.2805 catchUpLimited=false bodies=495 static=0 dynamic=457 kinematic=38 ccdBodies=325 boxMarginMin=0.008 boxMarginMax=0.04 solverIterations=15 splitImpulse=true splitImpulseThreshold=-0.02 recoveryChains=9 recoveryPhysicsTicks=4085 recoveries=59 recoveredBodies=355 largestRecoveryRegion=12 pendingRecoveryChains=2 recoveryCooldownChains=1 recoveryFusedChains=2 recoveryFuseTrips=12 suppressedRecoveries=18 mode2Sync=FULL_BODY fidelityDebug=BONE drivenBones=457 mode2Bodies=383 sampledVertices=0 bulletBonePosMax=9.57541e-06 bulletBonePosAvg=2.51138e-06 bulletBoneRotMaxDeg=0.0395647 bulletBoneRotAvgDeg=0.00017315 mode2DeltaMax=15.989 mode2DeltaAvg=2.18902 active=495 sleeping=0 constraints=565 manifolds=1566 contacts=449 peakContacts=924 finite=true
[MMD FIDELITY] debug=VERTEX
[MMD ALIGN] debug overlay=ALL (4)
[PHYSICS STATS] build=RelWithDebInfo fps=72.0305 frameMs=13.883 physicsMs=3.0091 peakPhysicsMs=12.2754 fixedMs=16.6667 substeps=1 peakSubsteps=4 stabilizationSubsteps=0 accumulatorMs=3.33108 droppedMs=0 peakDroppedMs=48.2805 catchUpLimited=false bodies=495 static=0 dynamic=457 kinematic=38 ccdBodies=325 boxMarginMin=0.008 boxMarginMax=0.04 solverIterations=15 splitImpulse=true splitImpulseThreshold=-0.02 recoveryChains=9 recoveryPhysicsTicks=4145 recoveries=59 recoveredBodies=355 largestRecoveryRegion=12 pendingRecoveryChains=3 recoveryCooldownChains=1 recoveryFusedChains=2 recoveryFuseTrips=12 suppressedRecoveries=18 mode2Sync=FULL_BODY fidelityDebug=VERTEX drivenBones=457 mode2Bodies=383 sampledVertices=128 bulletBonePosMax=1.02742e-05 bulletBonePosAvg=2.60183e-06 bulletBoneRotMaxDeg=0 bulletBoneRotAvgDeg=0 mode2DeltaMax=15.7524 mode2DeltaAvg=2.11262 active=495 sleeping=0 constraints=565 manifolds=1529 contacts=476 peakContacts=924 finite=true
[MMD ALIGN] debug overlay=OFF (0)
[MMD INIT STAGE] stage=before-reset steps=0 finite=true maxJointPos=17.4876 maxJointRotDeg=68.9055 maxLinearViolation=1.44129 maxAngularViolationDeg=45.9276 stabilizationLinearViolation=1.44129 stabilizationAngularViolationDeg=45.9276 ignoredWideTravelJoints=48 severeJoints=19 jointIndex=558 joint="S" bodyA="B" bodyB="B" linearViolationJointIndex=333 linearViolationJoint="Skirt_2_1B" angularViolationJointIndex=550 angularViolationJoint="B"
[MMD INIT STAGE] stage=after-reset steps=0 finite=true maxJointPos=13.0679 maxJointRotDeg=94.7573 maxLinearViolation=1.33514e-05 maxAngularViolationDeg=97.4872 stabilizationLinearViolation=1.33514e-05 stabilizationAngularViolationDeg=2.23048e-05 ignoredWideTravelJoints=48 severeJoints=0 jointIndex=512 joint="S" bodyA="B" bodyB="B" linearViolationJointIndex=294 linearViolationJoint="Skirt_1_1" angularViolationJointIndex=510 angularViolationJoint="S"
[MMD INIT STAGE] stage=pre-warmup-reset steps=0 finite=true maxJointPos=13.0679 maxJointRotDeg=94.7573 maxLinearViolation=1.33514e-05 maxAngularViolationDeg=97.4872 stabilizationLinearViolation=1.33514e-05 stabilizationAngularViolationDeg=2.23048e-05 ignoredWideTravelJoints=48 severeJoints=0 jointIndex=512 joint="S" bodyA="B" bodyB="B" linearViolationJointIndex=294 linearViolationJoint="Skirt_1_1" angularViolationJointIndex=510 angularViolationJoint="S"
[MMD INIT] warmup=not_required maxLinearViolation=1.33514e-05 maxAngularViolationDeg=2.23048e-05
[MMD RECOVERY] chain=6 localBodies=5 chainBodies=24 reason=runaway seedBody=425:"宸d_19" joint=none abnormalMs=450 positionError=9.9538 linearViolation=0 angularViolationDeg=0 linearSpeed=0 angularSpeed=0 total=60
[MMD RECOVERY] chain=5 localBodies=5 chainBodies=24 reason=runaway seedBody=444:"鍙硍d_19" joint=none abnormalMs=450 positionError=9.73348 linearViolation=0 angularViolationDeg=0 linearSpeed=0 angularSpeed=0 total=61
[PHYSICS STATS] build=RelWithDebInfo fps=205.982 frameMs=4.8548 physicsMs=3.1549 peakPhysicsMs=12.2754 fixedMs=16.6667 substeps=1 peakSubsteps=4 stabilizationSubsteps=0 accumulatorMs=0.459556 droppedMs=0 peakDroppedMs=48.2805 catchUpLimited=false bodies=495 static=0 dynamic=457 kinematic=38 ccdBodies=325 boxMarginMin=0.008 boxMarginMax=0.04 solverIterations=15 splitImpulse=true splitImpulseThreshold=-0.02 recoveryChains=9 recoveryPhysicsTicks=4206 recoveries=61 recoveredBodies=365 largestRecoveryRegion=12 pendingRecoveryChains=4 recoveryCooldownChains=2 recoveryFusedChains=0 recoveryFuseTrips=12 suppressedRecoveries=18 mode2Sync=FULL_BODY fidelityDebug=VERTEX drivenBones=457 mode2Bodies=383 sampledVertices=128 bulletBonePosMax=2.00499e-05 bulletBonePosAvg=3.64136e-06 bulletBoneRotMaxDeg=0.0395647 bulletBoneRotAvgDeg=8.65748e-05 mode2DeltaMax=6.36716 mode2DeltaAvg=1.07096 active=495 sleeping=0 constraints=565 manifolds=1621 contacts=496 peakContacts=924 finite=true
[MMD RECOVERY] chain=1 localBodies=5 chainBodies=99 reason=runaway seedBody=328:"Skirt_19_1" joint=none abnormalMs=450 positionError=7.87947 linearViolation=0 angularViolationDeg=0 linearSpeed=0 angularSpeed=0 total=62
[PHYSICS STATS] build=RelWithDebInfo fps=205.782 frameMs=4.8595 physicsMs=0.5058 peakPhysicsMs=12.2754 fixedMs=16.6667 substeps=0 peakSubsteps=4 stabilizationSubsteps=0 accumulatorMs=5.2144 droppedMs=0 peakDroppedMs=48.2805 catchUpLimited=false bodies=495 static=0 dynamic=457 kinematic=38 ccdBodies=325 boxMarginMin=0.008 boxMarginMax=0.04 solverIterations=15 splitImpulse=true splitImpulseThreshold=-0.02 recoveryChains=9 recoveryPhysicsTicks=4266 recoveries=62 recoveredBodies=370 largestRecoveryRegion=12 pendingRecoveryChains=2 recoveryCooldownChains=3 recoveryFusedChains=0 recoveryFuseTrips=12 suppressedRecoveries=18 mode2Sync=FULL_BODY fidelityDebug=VERTEX drivenBones=457 mode2Bodies=383 sampledVertices=128 bulletBonePosMax=1.24756e-05 bulletBonePosAvg=2.74118e-06 bulletBoneRotMaxDeg=0.0395647 bulletBoneRotAvgDeg=8.65748e-05 mode2DeltaMax=7.69078 mode2DeltaAvg=1.63201 active=495 sleeping=0 constraints=565 manifolds=1649 contacts=513 peakContacts=924 finite=true
[MMD RECOVERY] chain=1 localBodies=5 chainBodies=99 reason=runaway seedBody=328:"Skirt_19_1" joint=none abnormalMs=466.667 positionError=12.1495 linearViolation=0 angularViolationDeg=0 linearSpeed=0 angularSpeed=0 total=63
[MMD FIDELITY] mode2=TRANSLATION_DELTA
[MMD RECOVERY] chain=1 localBodies=5 chainBodies=99 reason=runaway seedBody=328:"Skirt_19_1" joint=none abnormalMs=316.667 positionError=12.2201 linearViolation=0 angularViolationDeg=0 linearSpeed=0 angularSpeed=0 total=64
[MMD RECOVERY FUSE] chain=1 tripped=true durationMs=10000 recoveriesInWindow=3 totalTrips=13
[PHYSICS STATS] build=RelWithDebInfo fps=163.457 frameMs=6.1178 physicsMs=0.449 peakPhysicsMs=12.2754 fixedMs=16.6667 substeps=0 peakSubsteps=4 stabilizationSubsteps=0 accumulatorMs=9.54776 droppedMs=0 peakDroppedMs=48.2805 catchUpLimited=false bodies=495 static=0 dynamic=457 kinematic=38 ccdBodies=325 boxMarginMin=0.008 boxMarginMax=0.04 solverIterations=15 splitImpulse=true splitImpulseThreshold=-0.02 recoveryChains=9 recoveryPhysicsTicks=4326 recoveries=64 recoveredBodies=380 largestRecoveryRegion=12 pendingRecoveryChains=2 recoveryCooldownChains=3 recoveryFusedChains=1 recoveryFuseTrips=13 suppressedRecoveries=18 mode2Sync=TRANSLATION_DELTA fidelityDebug=VERTEX drivenBones=457 mode2Bodies=383 sampledVertices=128 bulletBonePosMax=0.339603 bulletBonePosAvg=0.0850453 bulletBoneRotMaxDeg=0.0395647 bulletBoneRotAvgDeg=0.00017315 mode2DeltaMax=12.5829 mode2DeltaAvg=1.68287 active=495 sleeping=0 constraints=565 manifolds=1601 contacts=479 peakContacts=924 finite=true
[MMD RECOVERY FUSE] chain=1 reason=runaway remainingMs=9800 suppressed=19
[MMD RECOVERY] chain=5 localBodies=5 chainBodies=24 reason=runaway seedBody=444:"鍙硍d_19" joint=none abnormalMs=233.333 positionError=10.0305 linearViolation=0 angularViolationDeg=0 linearSpeed=0 angularSpeed=0 total=65
[MMD RECOVERY] chain=6 localBodies=5 chainBodies=24 reason=runaway seedBody=425:"宸d_19" joint=none abnormalMs=700 positionError=7.67837 linearViolation=0 angularViolationDeg=0 linearSpeed=0 angularSpeed=0 total=66
[PHYSICS STATS] build=RelWithDebInfo fps=199.294 frameMs=5.0177 physicsMs=0.4798 peakPhysicsMs=12.2754 fixedMs=16.6667 substeps=0 peakSubsteps=4 stabilizationSubsteps=0 accumulatorMs=13.7961 droppedMs=0 peakDroppedMs=48.2805 catchUpLimited=false bodies=495 static=0 dynamic=457 kinematic=38 ccdBodies=325 boxMarginMin=0.008 boxMarginMax=0.04 solverIterations=15 splitImpulse=true splitImpulseThreshold=-0.02 recoveryChains=9 recoveryPhysicsTicks=4386 recoveries=66 recoveredBodies=390 largestRecoveryRegion=12 pendingRecoveryChains=3 recoveryCooldownChains=3 recoveryFusedChains=1 recoveryFuseTrips=13 suppressedRecoveries=19 mode2Sync=TRANSLATION_DELTA fidelityDebug=VERTEX drivenBones=457 mode2Bodies=383 sampledVertices=128 bulletBonePosMax=0.523281 bulletBonePosAvg=0.0921277 bulletBoneRotMaxDeg=0 bulletBoneRotAvgDeg=0 mode2DeltaMax=13.1593 mode2DeltaAvg=1.62061 active=495 sleeping=0 constraints=565 manifolds=1771 contacts=496 peakContacts=924 finite=true
[PHYSICS STATS] build=RelWithDebInfo fps=154.614 frameMs=6.4677 physicsMs=0.5044 peakPhysicsMs=12.2754 fixedMs=16.6667 substeps=0 peakSubsteps=4 stabilizationSubsteps=0 accumulatorMs=16.3076 droppedMs=0 peakDroppedMs=48.2805 catchUpLimited=false bodies=495 static=0 dynamic=457 kinematic=38 ccdBodies=325 boxMarginMin=0.008 boxMarginMax=0.04 solverIterations=15 splitImpulse=true splitImpulseThreshold=-0.02 recoveryChains=9 recoveryPhysicsTicks=4446 recoveries=66 recoveredBodies=390 largestRecoveryRegion=12 pendingRecoveryChains=2 recoveryCooldownChains=3 recoveryFusedChains=1 recoveryFuseTrips=13 suppressedRecoveries=19 mode2Sync=TRANSLATION_DELTA fidelityDebug=VERTEX drivenBones=457 mode2Bodies=383 sampledVertices=128 bulletBonePosMax=0.41487 bulletBonePosAvg=0.0829034 bulletBoneRotMaxDeg=0.0395647 bulletBoneRotAvgDeg=8.65748e-05 mode2DeltaMax=15.74 mode2DeltaAvg=1.60049 active=495 sleeping=0 constraints=565 manifolds=1540 contacts=472 peakContacts=924 finite=true
[PHYSICS STATS] build=RelWithDebInfo fps=163.61 frameMs=6.1121 physicsMs=3.1656 peakPhysicsMs=14.915 fixedMs=16.6667 substeps=1 peakSubsteps=4 stabilizationSubsteps=0 accumulatorMs=4.58023 droppedMs=0 peakDroppedMs=48.2805 catchUpLimited=false bodies=495 static=0 dynamic=457 kinematic=38 ccdBodies=325 boxMarginMin=0.008 boxMarginMax=0.04 solverIterations=15 splitImpulse=true splitImpulseThreshold=-0.02 recoveryChains=9 recoveryPhysicsTicks=4507 recoveries=66 recoveredBodies=390 largestRecoveryRegion=12 pendingRecoveryChains=1 recoveryCooldownChains=2 recoveryFusedChains=1 recoveryFuseTrips=13 suppressedRecoveries=19 mode2Sync=TRANSLATION_DELTA fidelityDebug=VERTEX drivenBones=457 mode2Bodies=383 sampledVertices=128 bulletBonePosMax=0.44622 bulletBonePosAvg=0.0956114 bulletBoneRotMaxDeg=0 bulletBoneRotAvgDeg=0 mode2DeltaMax=16.5936 mode2DeltaAvg=1.78829 active=495 sleeping=0 constraints=565 manifolds=1499 contacts=493 peakContacts=924 finite=true
[PHYSICS STATS] build=RelWithDebInfo fps=206.838 frameMs=4.8347 physicsMs=3.0833 peakPhysicsMs=14.915 fixedMs=16.6667 substeps=1 peakSubsteps=4 stabilizationSubsteps=0 accumulatorMs=4.76398 droppedMs=0 peakDroppedMs=48.2805 catchUpLimited=false bodies=495 static=0 dynamic=457 kinematic=38 ccdBodies=325 boxMarginMin=0.008 boxMarginMax=0.04 solverIterations=15 splitImpulse=true splitImpulseThreshold=-0.02 recoveryChains=9 recoveryPhysicsTicks=4567 recoveries=66 recoveredBodies=390 largestRecoveryRegion=12 pendingRecoveryChains=2 recoveryCooldownChains=0 recoveryFusedChains=1 recoveryFuseTrips=13 suppressedRecoveries=19 mode2Sync=TRANSLATION_DELTA fidelityDebug=VERTEX drivenBones=457 mode2Bodies=383 sampledVertices=128 bulletBonePosMax=0.569073 bulletBonePosAvg=0.101252 bulletBoneRotMaxDeg=0.0395647 bulletBoneRotAvgDeg=0.000346299 mode2DeltaMax=15.0914 mode2DeltaAvg=2.14878 active=495 sleeping=0 constraints=565 manifolds=1555 contacts=482 peakContacts=924 finite=true
[PHYSICS STATS] build=RelWithDebInfo fps=146.886 frameMs=6.808 physicsMs=0.4927 peakPhysicsMs=14.915 fixedMs=16.6667 substeps=0 peakSubsteps=4 stabilizationSubsteps=0 accumulatorMs=11.2617 droppedMs=0 peakDroppedMs=48.2805 catchUpLimited=false bodies=495 static=0 dynamic=457 kinematic=38 ccdBodies=325 boxMarginMin=0.008 boxMarginMax=0.04 solverIterations=15 splitImpulse=true splitImpulseThreshold=-0.02 recoveryChains=9 recoveryPhysicsTicks=4627 recoveries=66 recoveredBodies=390 largestRecoveryRegion=12 pendingRecoveryChains=3 recoveryCooldownChains=0 recoveryFusedChains=1 recoveryFuseTrips=13 suppressedRecoveries=19 mode2Sync=TRANSLATION_DELTA fidelityDebug=VERTEX drivenBones=457 mode2Bodies=383 sampledVertices=128 bulletBonePosMax=0.514451 bulletBonePosAvg=0.112382 bulletBoneRotMaxDeg=0.0395647 bulletBoneRotAvgDeg=8.65748e-05 mode2DeltaMax=21.1733 mode2DeltaAvg=2.21994 active=495 sleeping=0 constraints=565 manifolds=1691 contacts=489 peakContacts=924 finite=true
[MMD RECOVERY] chain=0 localBodies=5 chainBodies=290 reason=runaway seedBody=268:"Skirt_11_1" joint=none abnormalMs=450 positionError=6.54698 linearViolation=0 angularViolationDeg=0 linearSpeed=0 angularSpeed=0 total=67
[MMD RECOVERY] chain=6 localBodies=5 chainBodies=24 reason=runaway seedBody=425:"宸d_19" joint=none abnormalMs=450 positionError=6.93834 linearViolation=0 angularViolationDeg=0 linearSpeed=0 angularSpeed=0 total=68
[MMD RECOVERY FUSE] chain=6 tripped=true durationMs=10000 recoveriesInWindow=3 totalTrips=14
[PHYSICS STATS] build=RelWithDebInfo fps=167.577 frameMs=5.9674 physicsMs=0.4702 peakPhysicsMs=14.915 fixedMs=16.6667 substeps=0 peakSubsteps=4 stabilizationSubsteps=0 accumulatorMs=12.8292 droppedMs=0 peakDroppedMs=48.2805 catchUpLimited=false bodies=495 static=0 dynamic=457 kinematic=38 ccdBodies=325 boxMarginMin=0.008 boxMarginMax=0.04 solverIterations=15 splitImpulse=true splitImpulseThreshold=-0.02 recoveryChains=9 recoveryPhysicsTicks=4687 recoveries=68 recoveredBodies=400 largestRecoveryRegion=12 pendingRecoveryChains=2 recoveryCooldownChains=2 recoveryFusedChains=2 recoveryFuseTrips=14 suppressedRecoveries=19 mode2Sync=TRANSLATION_DELTA fidelityDebug=VERTEX drivenBones=457 mode2Bodies=383 sampledVertices=128 bulletBonePosMax=0.542981 bulletBonePosAvg=0.101443 bulletBoneRotMaxDeg=0.0395647 bulletBoneRotAvgDeg=0.00017315 mode2DeltaMax=16.3207 mode2DeltaAvg=1.9739 active=495 sleeping=0 constraints=565 manifolds=1828 contacts=487 peakContacts=924 finite=true
[PHYSICS STATS] build=RelWithDebInfo fps=198.645 frameMs=5.0341 physicsMs=0.4468 peakPhysicsMs=14.915 fixedMs=16.6667 substeps=0 peakSubsteps=4 stabilizationSubsteps=0 accumulatorMs=12.8105 droppedMs=0 peakDroppedMs=48.2805 catchUpLimited=false bodies=495 static=0 dynamic=457 kinematic=38 ccdBodies=325 boxMarginMin=0.008 boxMarginMax=0.04 solverIterations=15 splitImpulse=true splitImpulseThreshold=-0.02 recoveryChains=9 recoveryPhysicsTicks=4747 recoveries=68 recoveredBodies=400 largestRecoveryRegion=12 pendingRecoveryChains=2 recoveryCooldownChains=2 recoveryFusedChains=2 recoveryFuseTrips=14 suppressedRecoveries=19 mode2Sync=TRANSLATION_DELTA fidelityDebug=VERTEX drivenBones=457 mode2Bodies=383 sampledVertices=128 bulletBonePosMax=0.535238 bulletBonePosAvg=0.119024 bulletBoneRotMaxDeg=0.0395647 bulletBoneRotAvgDeg=0.000259724 mode2DeltaMax=14.5378 mode2DeltaAvg=2.40368 active=495 sleeping=0 constraints=565 manifolds=1594 contacts=480 peakContacts=924 finite=true
[MMD FIDELITY] mode2=ROTATION_ONLY
[PHYSICS STATS] build=RelWithDebInfo fps=212.893 frameMs=4.6972 physicsMs=0.6281 peakPhysicsMs=14.915 fixedMs=16.6667 substeps=0 peakSubsteps=4 stabilizationSubsteps=0 accumulatorMs=16.5788 droppedMs=0 peakDroppedMs=48.2805 catchUpLimited=false bodies=495 static=0 dynamic=457 kinematic=38 ccdBodies=325 boxMarginMin=0.008 boxMarginMax=0.04 solverIterations=15 splitImpulse=true splitImpulseThreshold=-0.02 recoveryChains=9 recoveryPhysicsTicks=4807 recoveries=68 recoveredBodies=400 largestRecoveryRegion=12 pendingRecoveryChains=2 recoveryCooldownChains=2 recoveryFusedChains=2 recoveryFuseTrips=14 suppressedRecoveries=19 mode2Sync=ROTATION_ONLY fidelityDebug=VERTEX drivenBones=457 mode2Bodies=383 sampledVertices=128 bulletBonePosMax=13.9676 bulletBonePosAvg=1.86645 bulletBoneRotMaxDeg=0.0395647 bulletBoneRotAvgDeg=8.65748e-05 mode2DeltaMax=14.0734 mode2DeltaAvg=2.33014 active=495 sleeping=0 constraints=565 manifolds=1825 contacts=486 peakContacts=924 finite=true
[MMD RECOVERY] chain=0 localBodies=5 chainBodies=290 reason=runaway seedBody=217:"Skirt_11_1" joint=none abnormalMs=2050 positionError=8.98554 linearViolation=0 angularViolationDeg=0 linearSpeed=0 angularSpeed=0 total=69
[MMD INIT STAGE] stage=before-reset steps=0 finite=true maxJointPos=17.4022 maxJointRotDeg=78.9481 maxLinearViolation=1.27462 maxAngularViolationDeg=69.3888 stabilizationLinearViolation=1.27462 stabilizationAngularViolationDeg=69.3888 ignoredWideTravelJoints=48 severeJoints=23 jointIndex=107 joint="S" bodyA="B" bodyB="B" linearViolationJointIndex=333 linearViolationJoint="Skirt_2_1B" angularViolationJointIndex=96 angularViolationJoint="B"
[MMD INIT STAGE] stage=after-reset steps=0 finite=true maxJointPos=13.0632 maxJointRotDeg=94.7319 maxLinearViolation=9.53674e-06 maxAngularViolationDeg=97.4527 stabilizationLinearViolation=9.53674e-06 stabilizationAngularViolationDeg=2.91617e-05 ignoredWideTravelJoints=48 severeJoints=0 jointIndex=512 joint="S" bodyA="B" bodyB="B" linearViolationJointIndex=274 linearViolationJoint="Skirt_1_1" angularViolationJointIndex=510 angularViolationJoint="S"
[MMD INIT STAGE] stage=pre-warmup-reset steps=0 finite=true maxJointPos=13.0632 maxJointRotDeg=94.7319 maxLinearViolation=9.53674e-06 maxAngularViolationDeg=97.4527 stabilizationLinearViolation=9.53674e-06 stabilizationAngularViolationDeg=2.91617e-05 ignoredWideTravelJoints=48 severeJoints=0 jointIndex=512 joint="S" bodyA="B" bodyB="B" linearViolationJointIndex=274 linearViolationJoint="Skirt_1_1" angularViolationJointIndex=510 angularViolationJoint="S"
[MMD INIT] warmup=not_required maxLinearViolation=9.53674e-06 maxAngularViolationDeg=2.91617e-05
[PHYSICS STATS] build=RelWithDebInfo fps=207.538 frameMs=4.8184 physicsMs=3.0628 peakPhysicsMs=14.915 fixedMs=16.6667 substeps=1 peakSubsteps=4 stabilizationSubsteps=0 accumulatorMs=2.33684 droppedMs=0 peakDroppedMs=48.2805 catchUpLimited=false bodies=495 static=0 dynamic=457 kinematic=38 ccdBodies=325 boxMarginMin=0.008 boxMarginMax=0.04 solverIterations=15 splitImpulse=true splitImpulseThreshold=-0.02 recoveryChains=9 recoveryPhysicsTicks=4868 recoveries=69 recoveredBodies=405 largestRecoveryRegion=12 pendingRecoveryChains=2 recoveryCooldownChains=0 recoveryFusedChains=0 recoveryFuseTrips=14 suppressedRecoveries=19 mode2Sync=ROTATION_ONLY fidelityDebug=VERTEX drivenBones=457 mode2Bodies=383 sampledVertices=128 bulletBonePosMax=5.33698 bulletBonePosAvg=0.766712 bulletBoneRotMaxDeg=0 bulletBoneRotAvgDeg=0 mode2DeltaMax=5.46462 mode2DeltaAvg=0.941075 active=495 sleeping=0 constraints=565 manifolds=1635 contacts=555 peakContacts=924 finite=true
[MMD RECOVERY] chain=6 localBodies=5 chainBodies=24 reason=runaway seedBody=425:"宸d_19" joint=none abnormalMs=450 positionError=9.96282 linearViolation=0 angularViolationDeg=0 linearSpeed=0 angularSpeed=0 total=70
[MMD RECOVERY] chain=1 localBodies=12 chainBodies=99 reason=joint_violation seedBody=311:"Skirt_2_1" joint=316:"Skirt_3_1" abnormalMs=450 positionError=1.84884 linearViolation=1.79581 angularViolationDeg=4.50714 linearSpeed=0 angularSpeed=0 total=71
[MMD RECOVERY] chain=5 localBodies=5 chainBodies=24 reason=runaway seedBody=444:"鍙硍d_19" joint=none abnormalMs=450 positionError=9.71626 linearViolation=0 angularViolationDeg=0 linearSpeed=0 angularSpeed=0 total=72
[PHYSICS STATS] build=RelWithDebInfo fps=154.078 frameMs=6.4902 physicsMs=0.4761 peakPhysicsMs=14.915 fixedMs=16.6667 substeps=0 peakSubsteps=4 stabilizationSubsteps=0 accumulatorMs=8.03999 droppedMs=0 peakDroppedMs=48.2805 catchUpLimited=false bodies=495 static=0 dynamic=457 kinematic=38 ccdBodies=325 boxMarginMin=0.008 boxMarginMax=0.04 solverIterations=15 splitImpulse=true splitImpulseThreshold=-0.02 recoveryChains=9 recoveryPhysicsTicks=4928 recoveries=72 recoveredBodies=427 largestRecoveryRegion=12 pendingRecoveryChains=1 recoveryCooldownChains=3 recoveryFusedChains=0 recoveryFuseTrips=14 suppressedRecoveries=19 mode2Sync=ROTATION_ONLY fidelityDebug=VERTEX drivenBones=457 mode2Bodies=383 sampledVertices=128 bulletBonePosMax=11.3932 bulletBonePosAvg=1.37827 bulletBoneRotMaxDeg=0.0395647 bulletBoneRotAvgDeg=8.65748e-05 mode2DeltaMax=11.2955 mode2DeltaAvg=1.70117 active=495 sleeping=0 constraints=565 manifolds=1598 contacts=496 peakContacts=924 finite=true
[MMD RECOVERY] chain=1 localBodies=5 chainBodies=99 reason=runaway seedBody=328:"Skirt_19_1" joint=none abnormalMs=383.333 positionError=12.0674 linearViolation=0 angularViolationDeg=0 linearSpeed=0 angularSpeed=0 total=73
[PHYSICS STATS] build=RelWithDebInfo fps=203.857 frameMs=4.9054 physicsMs=0.5176 peakPhysicsMs=14.915 fixedMs=16.6667 substeps=0 peakSubsteps=4 stabilizationSubsteps=0 accumulatorMs=12.0509 droppedMs=0 peakDroppedMs=48.2805 catchUpLimited=false bodies=495 static=0 dynamic=457 kinematic=38 ccdBodies=325 boxMarginMin=0.008 boxMarginMax=0.04 solverIterations=15 splitImpulse=true splitImpulseThreshold=-0.02 recoveryChains=9 recoveryPhysicsTicks=4988 recoveries=73 recoveredBodies=432 largestRecoveryRegion=12 pendingRecoveryChains=4 recoveryCooldownChains=3 recoveryFusedChains=0 recoveryFuseTrips=14 suppressedRecoveries=19 mode2Sync=ROTATION_ONLY fidelityDebug=VERTEX drivenBones=457 mode2Bodies=383 sampledVertices=128 bulletBonePosMax=9.99267 bulletBonePosAvg=1.2404 bulletBoneRotMaxDeg=0.0395647 bulletBoneRotAvgDeg=8.65748e-05 mode2DeltaMax=9.94971 mode2DeltaAvg=1.53627 active=495 sleeping=0 constraints=565 manifolds=1531 contacts=459 peakContacts=924 finite=true
[MMD FIDELITY] debug=ALL
[MMD RECOVERY] chain=1 localBodies=5 chainBodies=99 reason=runaway seedBody=328:"Skirt_19_1" joint=none abnormalMs=250 positionError=12.1467 linearViolation=0 angularViolationDeg=0 linearSpeed=0 angularSpeed=0 total=74
[MMD RECOVERY FUSE] chain=1 tripped=true durationMs=10000 recoveriesInWindow=3 totalTrips=15
[PHYSICS STATS] build=RelWithDebInfo fps=165.835 frameMs=6.0301 physicsMs=0.4464 peakPhysicsMs=14.915 fixedMs=16.6667 substeps=0 peakSubsteps=4 stabilizationSubsteps=0 accumulatorMs=16.1371 droppedMs=0 peakDroppedMs=48.2805 catchUpLimited=false bodies=495 static=0 dynamic=457 kinematic=38 ccdBodies=325 boxMarginMin=0.008 boxMarginMax=0.04 solverIterations=15 splitImpulse=true splitImpulseThreshold=-0.02 recoveryChains=9 recoveryPhysicsTicks=5048 recoveries=74 recoveredBodies=437 largestRecoveryRegion=12 pendingRecoveryChains=3 recoveryCooldownChains=3 recoveryFusedChains=1 recoveryFuseTrips=15 suppressedRecoveries=19 mode2Sync=ROTATION_ONLY fidelityDebug=ALL drivenBones=457 mode2Bodies=383 sampledVertices=128 bulletBonePosMax=9.76305 bulletBonePosAvg=1.39456 bulletBoneRotMaxDeg=0.0395647 bulletBoneRotAvgDeg=8.65748e-05 mode2DeltaMax=9.93267 mode2DeltaAvg=1.73968 active=495 sleeping=0 constraints=565 manifolds=1520 contacts=490 peakContacts=924 finite=true
[MMD RECOVERY] chain=5 localBodies=5 chainBodies=24 reason=runaway seedBody=444:"鍙硍d_19" joint=none abnormalMs=233.333 positionError=10.0573 linearViolation=0 angularViolationDeg=0 linearSpeed=0 angularSpeed=0 total=75
[MMD RECOVERY FUSE] chain=1 reason=runaway remainingMs=9450.01 suppressed=20
[MMD RECOVERY] chain=6 localBodies=5 chainBodies=24 reason=runaway seedBody=425:"宸d_19" joint=none abnormalMs=716.667 positionError=7.61369 linearViolation=0 angularViolationDeg=0 linearSpeed=0 angularSpeed=0 total=76
[PHYSICS STATS] build=RelWithDebInfo fps=161.629 frameMs=6.187 physicsMs=3.1303 peakPhysicsMs=14.915 fixedMs=16.6667 substeps=1 peakSubsteps=4 stabilizationSubsteps=0 accumulatorMs=5.42826 droppedMs=0 peakDroppedMs=48.2805 catchUpLimited=false bodies=495 static=0 dynamic=457 kinematic=38 ccdBodies=325 boxMarginMin=0.008 boxMarginMax=0.04 solverIterations=15 splitImpulse=true splitImpulseThreshold=-0.02 recoveryChains=9 recoveryPhysicsTicks=5109 recoveries=76 recoveredBodies=447 largestRecoveryRegion=12 pendingRecoveryChains=1 recoveryCooldownChains=3 recoveryFusedChains=1 recoveryFuseTrips=15 suppressedRecoveries=20 mode2Sync=ROTATION_ONLY fidelityDebug=ALL drivenBones=457 mode2Bodies=383 sampledVertices=128 bulletBonePosMax=11.1296 bulletBonePosAvg=1.22899 bulletBoneRotMaxDeg=0.0395647 bulletBoneRotAvgDeg=8.65748e-05 mode2DeltaMax=11.0808 mode2DeltaAvg=1.52476 active=495 sleeping=0 constraints=565 manifolds=1605 contacts=485 peakContacts=924 finite=true
[MMD RECOVERY FUSE] chain=1 reason=runaway remainingMs=8416.69 suppressed=21
[PHYSICS STATS] build=RelWithDebInfo fps=204.994 frameMs=4.8782 physicsMs=3.3263 peakPhysicsMs=14.915 fixedMs=16.6667 substeps=1 peakSubsteps=4 stabilizationSubsteps=0 accumulatorMs=3.73161 droppedMs=0 peakDroppedMs=48.2805 catchUpLimited=false bodies=495 static=0 dynamic=457 kinematic=38 ccdBodies=325 boxMarginMin=0.008 boxMarginMax=0.04 solverIterations=15 splitImpulse=true splitImpulseThreshold=-0.02 recoveryChains=9 recoveryPhysicsTicks=5169 recoveries=76 recoveredBodies=447 largestRecoveryRegion=12 pendingRecoveryChains=1 recoveryCooldownChains=3 recoveryFusedChains=1 recoveryFuseTrips=15 suppressedRecoveries=21 mode2Sync=ROTATION_ONLY fidelityDebug=ALL drivenBones=457 mode2Bodies=383 sampledVertices=128 bulletBonePosMax=11.101 bulletBonePosAvg=1.34243 bulletBoneRotMaxDeg=0 bulletBoneRotAvgDeg=0 mode2DeltaMax=11.1829 mode2DeltaAvg=1.66759 active=495 sleeping=0 constraints=565 manifolds=1617 contacts=467 peakContacts=924 finite=true
[MMD RECOVERY] chain=0 localBodies=9 chainBodies=290 reason=joint_violation seedBody=234:"Skirt_16_1" joint=235:"Skirt_17_1" abnormalMs=450 positionError=1.32553 linearViolation=1.29332 angularViolationDeg=1.63882 linearSpeed=0 angularSpeed=0 total=77
[MMD FIDELITY] mode2=FULL_BODY
[PHYSICS STATS] build=RelWithDebInfo fps=156.46 frameMs=6.3914 physicsMs=3.1453 peakPhysicsMs=14.915 fixedMs=16.6667 substeps=1 peakSubsteps=4 stabilizationSubsteps=0 accumulatorMs=5.92016 droppedMs=0 peakDroppedMs=48.2805 catchUpLimited=false bodies=495 static=0 dynamic=457 kinematic=38 ccdBodies=325 boxMarginMin=0.008 boxMarginMax=0.04 solverIterations=15 splitImpulse=true splitImpulseThreshold=-0.02 recoveryChains=9 recoveryPhysicsTicks=5229 recoveries=77 recoveredBodies=456 largestRecoveryRegion=12 pendingRecoveryChains=1 recoveryCooldownChains=3 recoveryFusedChains=1 recoveryFuseTrips=15 suppressedRecoveries=21 mode2Sync=FULL_BODY fidelityDebug=ALL drivenBones=457 mode2Bodies=383 sampledVertices=128 bulletBonePosMax=8.25906e-06 bulletBonePosAvg=2.63408e-06 bulletBoneRotMaxDeg=0.0395647 bulletBoneRotAvgDeg=0.000346299 mode2DeltaMax=10.8041 mode2DeltaAvg=1.68274 active=495 sleeping=0 constraints=565 manifolds=1615 contacts=489 peakContacts=924 finite=true
[MMD RECOVERY FUSE] chain=1 reason=runaway remainingMs=5716.67 suppressed=22
[PHYSICS STATS] build=RelWithDebInfo fps=124.361 frameMs=8.0411 physicsMs=3.0774 peakPhysicsMs=14.915 fixedMs=16.6667 substeps=1 peakSubsteps=4 stabilizationSubsteps=0 accumulatorMs=7.8739 droppedMs=0 peakDroppedMs=48.2805 catchUpLimited=false bodies=495 static=0 dynamic=457 kinematic=38 ccdBodies=325 boxMarginMin=0.008 boxMarginMax=0.04 solverIterations=15 splitImpulse=true splitImpulseThreshold=-0.02 recoveryChains=9 recoveryPhysicsTicks=5289 recoveries=77 recoveredBodies=456 largestRecoveryRegion=12 pendingRecoveryChains=1 recoveryCooldownChains=1 recoveryFusedChains=1 recoveryFuseTrips=15 suppressedRecoveries=22 mode2Sync=FULL_BODY fidelityDebug=ALL drivenBones=457 mode2Bodies=383 sampledVertices=128 bulletBonePosMax=1.24344e-05 bulletBonePosAvg=3.048e-06 bulletBoneRotMaxDeg=0.0395647 bulletBoneRotAvgDeg=0.000259724 mode2DeltaMax=11.6564 mode2DeltaAvg=1.78399 active=495 sleeping=0 constraints=565 manifolds=1573 contacts=459 peakContacts=924 finite=true
[PHYSICS STATS] build=RelWithDebInfo fps=151.133 frameMs=6.6167 physicsMs=0.3916 peakPhysicsMs=14.915 fixedMs=16.6667 substeps=0 peakSubsteps=4 stabilizationSubsteps=0 accumulatorMs=8.23485 droppedMs=0 peakDroppedMs=48.2805 catchUpLimited=false bodies=495 static=0 dynamic=457 kinematic=38 ccdBodies=325 boxMarginMin=0.008 boxMarginMax=0.04 solverIterations=15 splitImpulse=true splitImpulseThreshold=-0.02 recoveryChains=9 recoveryPhysicsTicks=5349 recoveries=77 recoveredBodies=456 largestRecoveryRegion=12 pendingRecoveryChains=4 recoveryCooldownChains=1 recoveryFusedChains=1 recoveryFuseTrips=15 suppressedRecoveries=22 mode2Sync=FULL_BODY fidelityDebug=ALL drivenBones=457 mode2Bodies=383 sampledVertices=128 bulletBonePosMax=1.0705e-05 bulletBonePosAvg=3.01216e-06 bulletBoneRotMaxDeg=0.0395647 bulletBoneRotAvgDeg=8.65748e-05 mode2DeltaMax=12.4685 mode2DeltaAvg=1.84717 active=495 sleeping=0 constraints=565 manifolds=1634 contacts=465 peakContacts=924 finite=true
[MMD RECOVERY] chain=6 localBodies=5 chainBodies=24 reason=runaway seedBody=425:"宸d_19" joint=none abnormalMs=450 positionError=6.93674 linearViolation=0 angularViolationDeg=0 linearSpeed=0 angularSpeed=0 total=78
[MMD RECOVERY FUSE] chain=6 tripped=true durationMs=10000 recoveriesInWindow=3 totalTrips=16
[MMD RECOVERY] chain=0 localBodies=5 chainBodies=290 reason=runaway seedBody=268:"Skirt_11_1" joint=none abnormalMs=1300 positionError=7.19716 linearViolation=0 angularViolationDeg=0 linearSpeed=0 angularSpeed=0 total=79
[PHYSICS STATS] build=RelWithDebInfo fps=150.611 frameMs=6.6396 physicsMs=0.4512 peakPhysicsMs=14.915 fixedMs=16.6667 substeps=0 peakSubsteps=4 stabilizationSubsteps=0 accumulatorMs=12.5192 droppedMs=0 peakDroppedMs=48.2805 catchUpLimited=false bodies=495 static=0 dynamic=457 kinematic=38 ccdBodies=325 boxMarginMin=0.008 boxMarginMax=0.04 solverIterations=15 splitImpulse=true splitImpulseThreshold=-0.02 recoveryChains=9 recoveryPhysicsTicks=5409 recoveries=79 recoveredBodies=466 largestRecoveryRegion=12 pendingRecoveryChains=1 recoveryCooldownChains=2 recoveryFusedChains=2 recoveryFuseTrips=16 suppressedRecoveries=22 mode2Sync=FULL_BODY fidelityDebug=ALL drivenBones=457 mode2Bodies=383 sampledVertices=128 bulletBonePosMax=1.051e-05 bulletBonePosAvg=2.48478e-06 bulletBoneRotMaxDeg=0.0395647 bulletBoneRotAvgDeg=0.00017315 mode2DeltaMax=9.71211 mode2DeltaAvg=2.09894 active=495 sleeping=0 constraints=565 manifolds=1567 contacts=480 peakContacts=924 finite=true
[PHYSICS STATS] build=RelWithDebInfo fps=186.026 frameMs=5.3756 physicsMs=0.4368 peakPhysicsMs=14.915 fixedMs=16.6667 substeps=0 peakSubsteps=4 stabilizationSubsteps=0 accumulatorMs=13.9653 droppedMs=0 peakDroppedMs=48.2805 catchUpLimited=false bodies=495 static=0 dynamic=457 kinematic=38 ccdBodies=325 boxMarginMin=0.008 boxMarginMax=0.04 solverIterations=15 splitImpulse=true splitImpulseThreshold=-0.02 recoveryChains=9 recoveryPhysicsTicks=5469 recoveries=79 recoveredBodies=466 largestRecoveryRegion=12 pendingRecoveryChains=2 recoveryCooldownChains=2 recoveryFusedChains=2 recoveryFuseTrips=16 suppressedRecoveries=22 mode2Sync=FULL_BODY fidelityDebug=ALL drivenBones=457 mode2Bodies=383 sampledVertices=128 bulletBonePosMax=8.60952e-06 bulletBonePosAvg=2.2474e-06 bulletBoneRotMaxDeg=0.0395647 bulletBoneRotAvgDeg=8.65748e-05 mode2DeltaMax=15.7162 mode2DeltaAvg=2.22484 active=495 sleeping=0 constraints=565 manifolds=1527 contacts=497 peakContacts=924 finite=true
[PHYSICS STATS] build=RelWithDebInfo fps=177.201 frameMs=5.6433 physicsMs=0.412 peakPhysicsMs=14.915 fixedMs=16.6667 substeps=0 peakSubsteps=4 stabilizationSubsteps=0 accumulatorMs=16.0055 droppedMs=0 peakDroppedMs=48.2805 catchUpLimited=false bodies=495 static=0 dynamic=457 kinematic=38 ccdBodies=325 boxMarginMin=0.008 boxMarginMax=0.04 solverIterations=15 splitImpulse=true splitImpulseThreshold=-0.02 recoveryChains=9 recoveryPhysicsTicks=5529 recoveries=79 recoveredBodies=466 largestRecoveryRegion=12 pendingRecoveryChains=2 recoveryCooldownChains=2 recoveryFusedChains=2 recoveryFuseTrips=16 suppressedRecoveries=22 mode2Sync=FULL_BODY fidelityDebug=ALL drivenBones=457 mode2Bodies=383 sampledVertices=128 bulletBonePosMax=1.33924e-05 bulletBonePosAvg=3.19603e-06 bulletBoneRotMaxDeg=0.0395647 bulletBoneRotAvgDeg=8.65748e-05 mode2DeltaMax=22.1249 mode2DeltaAvg=2.32483 active=495 sleeping=0 constraints=565 manifolds=1559 contacts=493 peakContacts=924 finite=true
[MMD INIT STAGE] stage=before-reset steps=0 finite=true maxJointPos=15.4188 maxJointRotDeg=91.7836 maxLinearViolation=1.42302 maxAngularViolationDeg=85.5261 stabilizationLinearViolation=1.42302 stabilizationAngularViolationDeg=85.5261 ignoredWideTravelJoints=48 severeJoints=22 jointIndex=107 joint="S" bodyA="B" bodyB="B" linearViolationJointIndex=315 linearViolationJoint="Skirt_2_1" angularViolationJointIndex=313 angularViolationJoint="Skirt_0_1"
[MMD INIT STAGE] stage=after-reset steps=0 finite=true maxJointPos=13.0633 maxJointRotDeg=94.7321 maxLinearViolation=9.53674e-06 maxAngularViolationDeg=97.4529 stabilizationLinearViolation=9.53674e-06 stabilizationAngularViolationDeg=2.40924e-05 ignoredWideTravelJoints=48 severeJoints=0 jointIndex=510 joint="S" bodyA="B" bodyB="B" linearViolationJointIndex=274 linearViolationJoint="Skirt_1_1" angularViolationJointIndex=510 angularViolationJoint="S"
[MMD INIT STAGE] stage=pre-warmup-reset steps=0 finite=true maxJointPos=13.0633 maxJointRotDeg=94.7321 maxLinearViolation=9.53674e-06 maxAngularViolationDeg=97.4529 stabilizationLinearViolation=9.53674e-06 stabilizationAngularViolationDeg=2.40924e-05 ignoredWideTravelJoints=48 severeJoints=0 jointIndex=510 joint="S" bodyA="B" bodyB="B" linearViolationJointIndex=274 linearViolationJoint="Skirt_1_1" angularViolationJointIndex=510 angularViolationJoint="S"
[MMD INIT] warmup=not_required maxLinearViolation=9.53674e-06 maxAngularViolationDeg=2.40924e-05
[MMD RECOVERY] chain=6 localBodies=5 chainBodies=24 reason=runaway seedBody=425:"宸d_19" joint=none abnormalMs=450 positionError=9.95023 linearViolation=0 angularViolationDeg=0 linearSpeed=0 angularSpeed=0 total=80
[MMD RECOVERY] chain=5 localBodies=5 chainBodies=24 reason=runaway seedBody=444:"鍙硍d_19" joint=none abnormalMs=450 positionError=9.71175 linearViolation=0 angularViolationDeg=0 linearSpeed=0 angularSpeed=0 total=81
[PHYSICS STATS] build=RelWithDebInfo fps=188.911 frameMs=5.2935 physicsMs=0.4238 peakPhysicsMs=14.915 fixedMs=16.6667 substeps=0 peakSubsteps=4 stabilizationSubsteps=0 accumulatorMs=5.54607 droppedMs=0 peakDroppedMs=48.2805 catchUpLimited=false bodies=495 static=0 dynamic=457 kinematic=38 ccdBodies=325 boxMarginMin=0.008 boxMarginMax=0.04 solverIterations=15 splitImpulse=true splitImpulseThreshold=-0.02 recoveryChains=9 recoveryPhysicsTicks=5590 recoveries=81 recoveredBodies=476 largestRecoveryRegion=12 pendingRecoveryChains=2 recoveryCooldownChains=2 recoveryFusedChains=0 recoveryFuseTrips=16 suppressedRecoveries=22 mode2Sync=FULL_BODY fidelityDebug=ALL drivenBones=457 mode2Bodies=383 sampledVertices=128 bulletBonePosMax=9.3197e-06 bulletBonePosAvg=2.98161e-06 bulletBoneRotMaxDeg=0 bulletBoneRotAvgDeg=0 mode2DeltaMax=7.65433 mode2DeltaAvg=1.04149 active=495 sleeping=0 constraints=565 manifolds=1540 contacts=506 peakContacts=924 finite=true
[MMD RECOVERY] chain=1 localBodies=5 chainBodies=99 reason=runaway seedBody=328:"Skirt_19_1" joint=none abnormalMs=450 positionError=9.54257 linearViolation=0 angularViolationDeg=0 linearSpeed=0 angularSpeed=0 total=82
[PHYSICS STATS] build=RelWithDebInfo fps=137.948 frameMs=7.2491 physicsMs=0.3931 peakPhysicsMs=14.915 fixedMs=16.6667 substeps=0 peakSubsteps=4 stabilizationSubsteps=0 accumulatorMs=11.0415 droppedMs=0 peakDroppedMs=48.2805 catchUpLimited=false bodies=495 static=0 dynamic=457 kinematic=38 ccdBodies=325 boxMarginMin=0.008 boxMarginMax=0.04 solverIterations=15 splitImpulse=true splitImpulseThreshold=-0.02 recoveryChains=9 recoveryPhysicsTicks=5650 recoveries=82 recoveredBodies=481 largestRecoveryRegion=12 pendingRecoveryChains=2 recoveryCooldownChains=3 recoveryFusedChains=0 recoveryFuseTrips=16 suppressedRecoveries=22 mode2Sync=FULL_BODY fidelityDebug=ALL drivenBones=457 mode2Bodies=383 sampledVertices=128 bulletBonePosMax=1.23116e-05 bulletBonePosAvg=3.37857e-06 bulletBoneRotMaxDeg=0 bulletBoneRotAvgDeg=0 mode2DeltaMax=8.61313 mode2DeltaAvg=1.65994 active=495 sleeping=0 constraints=565 manifolds=1670 contacts=480 peakContacts=924 finite=true
[PHYSICS STATS] build=RelWithDebInfo fps=133.654 frameMs=7.482 physicsMs=0.4512 peakPhysicsMs=14.915 fixedMs=16.6667 substeps=0 peakSubsteps=4 stabilizationSubsteps=0 accumulatorMs=13.8601 droppedMs=0 peakDroppedMs=48.2805 catchUpLimited=false bodies=495 static=0 dynamic=457 kinematic=38 ccdBodies=325 boxMarginMin=0.008 boxMarginMax=0.04 solverIterations=15 splitImpulse=true splitImpulseThreshold=-0.02 recoveryChains=9 recoveryPhysicsTicks=5710 recoveries=82 recoveredBodies=481 largestRecoveryRegion=12 pendingRecoveryChains=3 recoveryCooldownChains=3 recoveryFusedChains=0 recoveryFuseTrips=16 suppressedRecoveries=22 mode2Sync=FULL_BODY fidelityDebug=ALL drivenBones=457 mode2Bodies=383 sampledVertices=128 bulletBonePosMax=1.15099e-05 bulletBonePosAvg=3.29377e-06 bulletBoneRotMaxDeg=0 bulletBoneRotAvgDeg=0 mode2DeltaMax=8.87873 mode2DeltaAvg=1.84839 active=495 sleeping=0 constraints=565 manifolds=1567 contacts=478 peakContacts=924 finite=true
[MMD RECOVERY] chain=5 localBodies=5 chainBodies=24 reason=runaway seedBody=444:"鍙硍d_19" joint=none abnormalMs=233.333 positionError=10.0606 linearViolation=0 angularViolationDeg=0 linearSpeed=0 angularSpeed=0 total=83
[MMD RECOVERY] chain=6 localBodies=5 chainBodies=24 reason=runaway seedBody=425:"宸d_19" joint=none abnormalMs=716.667 positionError=7.63748 linearViolation=0 angularViolationDeg=0 linearSpeed=0 angularSpeed=0 total=84
[PHYSICS STATS] build=RelWithDebInfo fps=162.927 frameMs=6.1377 physicsMs=3.5989 peakPhysicsMs=14.915 fixedMs=16.6667 substeps=1 peakSubsteps=4 stabilizationSubsteps=0 accumulatorMs=1.10944 droppedMs=0 peakDroppedMs=48.2805 catchUpLimited=false bodies=495 static=0 dynamic=457 kinematic=38 ccdBodies=325 boxMarginMin=0.008 boxMarginMax=0.04 solverIterations=15 splitImpulse=true splitImpulseThreshold=-0.02 recoveryChains=9 recoveryPhysicsTicks=5771 recoveries=84 recoveredBodies=491 largestRecoveryRegion=12 pendingRecoveryChains=3 recoveryCooldownChains=3 recoveryFusedChains=0 recoveryFuseTrips=16 suppressedRecoveries=22 mode2Sync=FULL_BODY fidelityDebug=ALL drivenBones=457 mode2Bodies=383 sampledVertices=128 bulletBonePosMax=1.14666e-05 bulletBonePosAvg=2.8517e-06 bulletBoneRotMaxDeg=0.0395647 bulletBoneRotAvgDeg=8.65748e-05 mode2DeltaMax=8.87148 mode2DeltaAvg=1.42469 active=495 sleeping=0 constraints=565 manifolds=1699 contacts=467 peakContacts=924 finite=true
[MMD RECOVERY] chain=1 localBodies=5 chainBodies=99 reason=runaway seedBody=328:"Skirt_19_1" joint=none abnormalMs=483.334 positionError=8.92421 linearViolation=0 angularViolationDeg=0 linearSpeed=0 angularSpeed=0 total=85
[PHYSICS STATS] build=RelWithDebInfo fps=138.46 frameMs=7.2223 physicsMs=3.5319 peakPhysicsMs=14.915 fixedMs=16.6667 substeps=1 peakSubsteps=4 stabilizationSubsteps=0 accumulatorMs=4.3334 droppedMs=0 peakDroppedMs=48.2805 catchUpLimited=false bodies=495 static=0 dynamic=457 kinematic=38 ccdBodies=325 boxMarginMin=0.008 boxMarginMax=0.04 solverIterations=15 splitImpulse=true splitImpulseThreshold=-0.02 recoveryChains=9 recoveryPhysicsTicks=5831 recoveries=85 recoveredBodies=496 largestRecoveryRegion=12 pendingRecoveryChains=1 recoveryCooldownChains=3 recoveryFusedChains=0 recoveryFuseTrips=16 suppressedRecoveries=22 mode2Sync=FULL_BODY fidelityDebug=ALL drivenBones=457 mode2Bodies=383 sampledVertices=128 bulletBonePosMax=8.00213e-06 bulletBonePosAvg=2.58118e-06 bulletBoneRotMaxDeg=0 bulletBoneRotAvgDeg=0 mode2DeltaMax=10.2057 mode2DeltaAvg=1.54072 active=495 sleeping=0 constraints=565 manifolds=1643 contacts=502 peakContacts=924 finite=true
[MMD RECOVERY] chain=1 localBodies=5 chainBodies=99 reason=runaway seedBody=328:"Skirt_19_1" joint=none abnormalMs=600 positionError=12.0174 linearViolation=0 angularViolationDeg=0 linearSpeed=0 angularSpeed=0 total=86
[MMD RECOVERY FUSE] chain=1 tripped=true durationMs=10000 recoveriesInWindow=3 totalTrips=17
[MMD RECOVERY FUSE] chain=1 reason=runaway remainingMs=9700 suppressed=23
[PHYSICS STATS] build=RelWithDebInfo fps=136.082 frameMs=7.3485 physicsMs=3.2706 peakPhysicsMs=14.915 fixedMs=16.6667 substeps=1 peakSubsteps=4 stabilizationSubsteps=0 accumulatorMs=4.26304 droppedMs=0 peakDroppedMs=48.2805 catchUpLimited=false bodies=495 static=0 dynamic=457 kinematic=38 ccdBodies=325 boxMarginMin=0.008 boxMarginMax=0.04 solverIterations=15 splitImpulse=true splitImpulseThreshold=-0.02 recoveryChains=9 recoveryPhysicsTicks=5891 recoveries=86 recoveredBodies=501 largestRecoveryRegion=12 pendingRecoveryChains=1 recoveryCooldownChains=3 recoveryFusedChains=1 recoveryFuseTrips=17 suppressedRecoveries=23 mode2Sync=FULL_BODY fidelityDebug=ALL drivenBones=457 mode2Bodies=383 sampledVertices=128 bulletBonePosMax=7.49788e-06 bulletBonePosAvg=2.34775e-06 bulletBoneRotMaxDeg=0 bulletBoneRotAvgDeg=0 mode2DeltaMax=16.3862 mode2DeltaAvg=1.88259 active=495 sleeping=0 constraints=565 manifolds=1582 contacts=481 peakContacts=924 finite=true
[PHYSICS STATS] build=RelWithDebInfo fps=149.598 frameMs=6.6846 physicsMs=0.4043 peakPhysicsMs=14.915 fixedMs=16.6667 substeps=0 peakSubsteps=4 stabilizationSubsteps=0 accumulatorMs=9.73149 droppedMs=0 peakDroppedMs=48.2805 catchUpLimited=false bodies=495 static=0 dynamic=457 kinematic=38 ccdBodies=325 boxMarginMin=0.008 boxMarginMax=0.04 solverIterations=15 splitImpulse=true splitImpulseThreshold=-0.02 recoveryChains=9 recoveryPhysicsTicks=5951 recoveries=86 recoveredBodies=501 largestRecoveryRegion=12 pendingRecoveryChains=2 recoveryCooldownChains=1 recoveryFusedChains=1 recoveryFuseTrips=17 suppressedRecoveries=23 mode2Sync=FULL_BODY fidelityDebug=ALL drivenBones=457 mode2Bodies=383 sampledVertices=128 bulletBonePosMax=1.47619e-05 bulletBonePosAvg=3.36471e-06 bulletBoneRotMaxDeg=0.0395647 bulletBoneRotAvgDeg=0.000259724 mode2DeltaMax=22.8573 mode2DeltaAvg=2.36682 active=495 sleeping=0 constraints=565 manifolds=1524 contacts=472 peakContacts=924 finite=true
[MMD RECOVERY] chain=0 localBodies=5 chainBodies=290 reason=runaway seedBody=217:"Skirt_11_1" joint=none abnormalMs=450 positionError=7.78551 linearViolation=0 angularViolationDeg=0 linearSpeed=0 angularSpeed=0 total=87
[PHYSICS STATS] build=RelWithDebInfo fps=148.425 frameMs=6.7374 physicsMs=0.3772 peakPhysicsMs=14.915 fixedMs=16.6667 substeps=0 peakSubsteps=4 stabilizationSubsteps=0 accumulatorMs=10.9993 droppedMs=0 peakDroppedMs=48.2805 catchUpLimited=false bodies=495 static=0 dynamic=457 kinematic=38 ccdBodies=325 boxMarginMin=0.008 boxMarginMax=0.04 solverIterations=15 splitImpulse=true splitImpulseThreshold=-0.02 recoveryChains=9 recoveryPhysicsTicks=6011 recoveries=87 recoveredBodies=506 largestRecoveryRegion=12 pendingRecoveryChains=3 recoveryCooldownChains=2 recoveryFusedChains=1 recoveryFuseTrips=17 suppressedRecoveries=23 mode2Sync=FULL_BODY fidelityDebug=ALL drivenBones=457 mode2Bodies=383 sampledVertices=128 bulletBonePosMax=1.0756e-05 bulletBonePosAvg=2.71996e-06 bulletBoneRotMaxDeg=0 bulletBoneRotAvgDeg=0 mode2DeltaMax=16.7864 mode2DeltaAvg=2.1056 active=495 sleeping=0 constraints=565 manifolds=1628 contacts=471 peakContacts=924 finite=true
[MMD RECOVERY] chain=6 localBodies=5 chainBodies=24 reason=runaway seedBody=425:"宸d_19" joint=none abnormalMs=450 positionError=6.93701 linearViolation=0 angularViolationDeg=0 linearSpeed=0 angularSpeed=0 total=88
[MMD RECOVERY FUSE] chain=6 tripped=true durationMs=10000 recoveriesInWindow=3 totalTrips=18
[PHYSICS STATS] build=RelWithDebInfo fps=165.481 frameMs=6.043 physicsMs=0.4397 peakPhysicsMs=14.915 fixedMs=16.6667 substeps=0 peakSubsteps=4 stabilizationSubsteps=0 accumulatorMs=12.0032 droppedMs=0 peakDroppedMs=48.2805 catchUpLimited=false bodies=495 static=0 dynamic=457 kinematic=38 ccdBodies=325 boxMarginMin=0.008 boxMarginMax=0.04 solverIterations=15 splitImpulse=true splitImpulseThreshold=-0.02 recoveryChains=9 recoveryPhysicsTicks=6071 recoveries=88 recoveredBodies=511 largestRecoveryRegion=12 pendingRecoveryChains=2 recoveryCooldownChains=2 recoveryFusedChains=2 recoveryFuseTrips=18 suppressedRecoveries=23 mode2Sync=FULL_BODY fidelityDebug=ALL drivenBones=457 mode2Bodies=383 sampledVertices=128 bulletBonePosMax=1.12947e-05 bulletBonePosAvg=2.90661e-06 bulletBoneRotMaxDeg=0.0395647 bulletBoneRotAvgDeg=8.65748e-05 mode2DeltaMax=9.25873 mode2DeltaAvg=1.92641 active=495 sleeping=0 constraints=565 manifolds=1736 contacts=489 peakContacts=924 finite=true
[PHYSICS STATS] build=RelWithDebInfo fps=142.229 frameMs=7.0309 physicsMs=2.9913 peakPhysicsMs=14.915 fixedMs=16.6667 substeps=1 peakSubsteps=4 stabilizationSubsteps=0 accumulatorMs=2.92557 droppedMs=0 peakDroppedMs=48.2805 catchUpLimited=false bodies=495 static=0 dynamic=457 kinematic=38 ccdBodies=325 boxMarginMin=0.008 boxMarginMax=0.04 solverIterations=15 splitImpulse=true splitImpulseThreshold=-0.02 recoveryChains=9 recoveryPhysicsTicks=6132 recoveries=88 recoveredBodies=511 largestRecoveryRegion=12 pendingRecoveryChains=2 recoveryCooldownChains=2 recoveryFusedChains=2 recoveryFuseTrips=18 suppressedRecoveries=23 mode2Sync=FULL_BODY fidelityDebug=ALL drivenBones=457 mode2Bodies=383 sampledVertices=128 bulletBonePosMax=1.37871e-05 bulletBonePosAvg=3.02764e-06 bulletBoneRotMaxDeg=0.0395647 bulletBoneRotAvgDeg=0.00017315 mode2DeltaMax=13.4554 mode2DeltaAvg=2.37097 active=495 sleeping=0 constraints=565 manifolds=1538 contacts=473 peakContacts=924 finite=true
[PHYSICS STATS] build=RelWithDebInfo fps=162.211 frameMs=6.1648 physicsMs=0.4233 peakPhysicsMs=14.915 fixedMs=16.6667 substeps=0 peakSubsteps=4 stabilizationSubsteps=0 accumulatorMs=6.47802 droppedMs=0 peakDroppedMs=48.2805 catchUpLimited=false bodies=495 static=0 dynamic=457 kinematic=38 ccdBodies=325 boxMarginMin=0.008 boxMarginMax=0.04 solverIterations=15 splitImpulse=true splitImpulseThreshold=-0.02 recoveryChains=9 recoveryPhysicsTicks=6192 recoveries=88 recoveredBodies=511 largestRecoveryRegion=12 pendingRecoveryChains=2 recoveryCooldownChains=1 recoveryFusedChains=2 recoveryFuseTrips=18 suppressedRecoveries=23 mode2Sync=FULL_BODY fidelityDebug=ALL drivenBones=457 mode2Bodies=383 sampledVertices=128 bulletBonePosMax=1.14565e-05 bulletBonePosAvg=2.60149e-06 bulletBoneRotMaxDeg=0 bulletBoneRotAvgDeg=0 mode2DeltaMax=19.0602 mode2DeltaAvg=2.39895 active=495 sleeping=0 constraints=565 manifolds=1530 contacts=486 peakContacts=924 finite=true
[MMD FIDELITY] mode2=TRANSLATION_DELTA
[MMD INIT STAGE] stage=before-reset steps=0 finite=true maxJointPos=16.648 maxJointRotDeg=96.4297 maxLinearViolation=1.53156 maxAngularViolationDeg=65.4891 stabilizationLinearViolation=1.53156 stabilizationAngularViolationDeg=65.4891 ignoredWideTravelJoints=48 severeJoints=25 jointIndex=107 joint="S" bodyA="B" bodyB="B" linearViolationJointIndex=333 linearViolationJoint="Skirt_2_1B" angularViolationJointIndex=96 angularViolationJoint="B"
[MMD INIT STAGE] stage=after-reset steps=0 finite=true maxJointPos=13.0711 maxJointRotDeg=94.7747 maxLinearViolation=1.33514e-05 maxAngularViolationDeg=97.5109 stabilizationLinearViolation=1.33514e-05 stabilizationAngularViolationDeg=2.5133e-05 ignoredWideTravelJoints=48 severeJoints=0 jointIndex=510 joint="S" bodyA="B" bodyB="B" linearViolationJointIndex=294 linearViolationJoint="Skirt_1_1" angularViolationJointIndex=510 angularViolationJoint="S"
[MMD INIT STAGE] stage=pre-warmup-reset steps=0 finite=true maxJointPos=13.0711 maxJointRotDeg=94.7747 maxLinearViolation=1.33514e-05 maxAngularViolationDeg=97.5109 stabilizationLinearViolation=1.33514e-05 stabilizationAngularViolationDeg=2.5133e-05 ignoredWideTravelJoints=48 severeJoints=0 jointIndex=510 joint="S" bodyA="B" bodyB="B" linearViolationJointIndex=294 linearViolationJoint="Skirt_1_1" angularViolationJointIndex=510 angularViolationJoint="S"
[MMD INIT] warmup=not_required maxLinearViolation=1.33514e-05 maxAngularViolationDeg=2.5133e-05
[PHYSICS STATS] build=RelWithDebInfo fps=129.472 frameMs=7.7237 physicsMs=0.3929 peakPhysicsMs=14.915 fixedMs=16.6667 substeps=0 peakSubsteps=4 stabilizationSubsteps=0 accumulatorMs=9.30446 droppedMs=0 peakDroppedMs=48.2805 catchUpLimited=false bodies=495 static=0 dynamic=457 kinematic=38 ccdBodies=325 boxMarginMin=0.008 boxMarginMax=0.04 solverIterations=15 splitImpulse=true splitImpulseThreshold=-0.02 recoveryChains=9 recoveryPhysicsTicks=6252 recoveries=88 recoveredBodies=511 largestRecoveryRegion=12 pendingRecoveryChains=1 recoveryCooldownChains=0 recoveryFusedChains=0 recoveryFuseTrips=18 suppressedRecoveries=23 mode2Sync=TRANSLATION_DELTA fidelityDebug=ALL drivenBones=457 mode2Bodies=383 sampledVertices=128 bulletBonePosMax=0.227999 bulletBonePosAvg=0.0373103 bulletBoneRotMaxDeg=0 bulletBoneRotAvgDeg=0 mode2DeltaMax=4.29778 mode2DeltaAvg=0.673289 active=495 sleeping=0 constraints=565 manifolds=1640 contacts=569 peakContacts=924 finite=true
[MMD RECOVERY] chain=6 localBodies=5 chainBodies=24 reason=runaway seedBody=425:"宸d_19" joint=none abnormalMs=450 positionError=9.96648 linearViolation=0 angularViolationDeg=0 linearSpeed=0 angularSpeed=0 total=89
[MMD RECOVERY] chain=5 localBodies=5 chainBodies=24 reason=runaway seedBody=444:"鍙硍d_19" joint=none abnormalMs=450 positionError=9.71062 linearViolation=0 angularViolationDeg=0 linearSpeed=0 angularSpeed=0 total=90
[PHYSICS STATS] build=RelWithDebInfo fps=130.601 frameMs=7.6569 physicsMs=0.474 peakPhysicsMs=14.915 fixedMs=16.6667 substeps=0 peakSubsteps=4 stabilizationSubsteps=0 accumulatorMs=8.35301 droppedMs=0 peakDroppedMs=48.2805 catchUpLimited=false bodies=495 static=0 dynamic=457 kinematic=38 ccdBodies=325 boxMarginMin=0.008 boxMarginMax=0.04 solverIterations=15 splitImpulse=true splitImpulseThreshold=-0.02 recoveryChains=9 recoveryPhysicsTicks=6312 recoveries=90 recoveredBodies=521 largestRecoveryRegion=12 pendingRecoveryChains=1 recoveryCooldownChains=2 recoveryFusedChains=0 recoveryFuseTrips=18 suppressedRecoveries=23 mode2Sync=TRANSLATION_DELTA fidelityDebug=ALL drivenBones=457 mode2Bodies=383 sampledVertices=128 bulletBonePosMax=0.369961 bulletBonePosAvg=0.0759696 bulletBoneRotMaxDeg=0.0395647 bulletBoneRotAvgDeg=8.65748e-05 mode2DeltaMax=8.86396 mode2DeltaAvg=1.52735 active=495 sleeping=0 constraints=565 manifolds=1552 contacts=468 peakContacts=924 finite=true
[MMD RECOVERY] chain=1 localBodies=12 chainBodies=99 reason=runaway seedBody=406:"鍙冲悗q_7" joint=none abnormalMs=450 positionError=9.57959 linearViolation=0 angularViolationDeg=0 linearSpeed=0 angularSpeed=0 total=91
[PHYSICS STATS] build=RelWithDebInfo fps=130.119 frameMs=7.6853 physicsMs=0.3956 peakPhysicsMs=14.915 fixedMs=16.6667 substeps=0 peakSubsteps=4 stabilizationSubsteps=0 accumulatorMs=13.6655 droppedMs=0 peakDroppedMs=48.2805 catchUpLimited=false bodies=495 static=0 dynamic=457 kinematic=38 ccdBodies=325 boxMarginMin=0.008 boxMarginMax=0.04 solverIterations=15 splitImpulse=true splitImpulseThreshold=-0.02 recoveryChains=9 recoveryPhysicsTicks=6372 recoveries=91 recoveredBodies=533 largestRecoveryRegion=12 pendingRecoveryChains=4 recoveryCooldownChains=3 recoveryFusedChains=0 recoveryFuseTrips=18 suppressedRecoveries=23 mode2Sync=TRANSLATION_DELTA fidelityDebug=ALL drivenBones=457 mode2Bodies=383 sampledVertices=128 bulletBonePosMax=0.3285 bulletBonePosAvg=0.078421 bulletBoneRotMaxDeg=0.0395647 bulletBoneRotAvgDeg=8.65748e-05 mode2DeltaMax=11.5177 mode2DeltaAvg=1.5942 active=495 sleeping=0 constraints=565 manifolds=1550 contacts=465 peakContacts=924 finite=true
[PHYSICS STATS] build=RelWithDebInfo fps=134.775 frameMs=7.4198 physicsMs=2.8964 peakPhysicsMs=14.915 fixedMs=16.6667 substeps=1 peakSubsteps=4 stabilizationSubsteps=0 accumulatorMs=0.781146 droppedMs=0 peakDroppedMs=48.2805 catchUpLimited=false bodies=495 static=0 dynamic=457 kinematic=38 ccdBodies=325 boxMarginMin=0.008 boxMarginMax=0.04 solverIterations=15 splitImpulse=true splitImpulseThreshold=-0.02 recoveryChains=9 recoveryPhysicsTicks=6433 recoveries=91 recoveredBodies=533 largestRecoveryRegion=12 pendingRecoveryChains=3 recoveryCooldownChains=3 recoveryFusedChains=0 recoveryFuseTrips=18 suppressedRecoveries=23 mode2Sync=TRANSLATION_DELTA fidelityDebug=ALL drivenBones=457 mode2Bodies=383 sampledVertices=128 bulletBonePosMax=0.426443 bulletBonePosAvg=0.0883828 bulletBoneRotMaxDeg=0 bulletBoneRotAvgDeg=0 mode2DeltaMax=9.81922 mode2DeltaAvg=1.77717 active=495 sleeping=0 constraints=565 manifolds=1493 contacts=482 peakContacts=924 finite=true
[MMD RECOVERY] chain=5 localBodies=5 chainBodies=24 reason=runaway seedBody=444:"鍙硍d_19" joint=none abnormalMs=233.333 positionError=10.0297 linearViolation=0 angularViolationDeg=0 linearSpeed=0 angularSpeed=0 total=92
[MMD RECOVERY] chain=6 localBodies=5 chainBodies=24 reason=runaway seedBody=425:"宸d_19" joint=none abnormalMs=716.667 positionError=7.60876 linearViolation=0 angularViolationDeg=0 linearSpeed=0 angularSpeed=0 total=93
[MMD RECOVERY] chain=1 localBodies=5 chainBodies=99 reason=runaway seedBody=328:"Skirt_19_1" joint=none abnormalMs=2300 positionError=12.1299 linearViolation=0 angularViolationDeg=0 linearSpeed=0 angularSpeed=0 total=94
[PHYSICS STATS] build=RelWithDebInfo fps=162.353 frameMs=6.1594 physicsMs=2.8163 peakPhysicsMs=14.915 fixedMs=16.6667 substeps=1 peakSubsteps=4 stabilizationSubsteps=0 accumulatorMs=5.9144 droppedMs=0 peakDroppedMs=48.2805 catchUpLimited=false bodies=495 static=0 dynamic=457 kinematic=38 ccdBodies=325 boxMarginMin=0.008 boxMarginMax=0.04 solverIterations=15 splitImpulse=true splitImpulseThreshold=-0.02 recoveryChains=9 recoveryPhysicsTicks=6493 recoveries=94 recoveredBodies=548 largestRecoveryRegion=12 pendingRecoveryChains=1 recoveryCooldownChains=3 recoveryFusedChains=0 recoveryFuseTrips=18 suppressedRecoveries=23 mode2Sync=TRANSLATION_DELTA fidelityDebug=ALL drivenBones=457 mode2Bodies=383 sampledVertices=128 bulletBonePosMax=0.504562 bulletBonePosAvg=0.0810801 bulletBoneRotMaxDeg=0.0395647 bulletBoneRotAvgDeg=8.65748e-05 mode2DeltaMax=10.4713 mode2DeltaAvg=1.43399 active=495 sleeping=0 constraints=565 manifolds=1574 contacts=486 peakContacts=924 finite=true
[PHYSICS STATS] build=RelWithDebInfo fps=157.075 frameMs=6.3664 physicsMs=0.4975 peakPhysicsMs=14.915 fixedMs=16.6667 substeps=0 peakSubsteps=4 stabilizationSubsteps=0 accumulatorMs=7.55144 droppedMs=0 peakDroppedMs=48.2805 catchUpLimited=false bodies=495 static=0 dynamic=457 kinematic=38 ccdBodies=325 boxMarginMin=0.008 boxMarginMax=0.04 solverIterations=15 splitImpulse=true splitImpulseThreshold=-0.02 recoveryChains=9 recoveryPhysicsTicks=6553 recoveries=94 recoveredBodies=548 largestRecoveryRegion=12 pendingRecoveryChains=2 recoveryCooldownChains=3 recoveryFusedChains=0 recoveryFuseTrips=18 suppressedRecoveries=23 mode2Sync=TRANSLATION_DELTA fidelityDebug=ALL drivenBones=457 mode2Bodies=383 sampledVertices=128 bulletBonePosMax=0.422768 bulletBonePosAvg=0.0865305 bulletBoneRotMaxDeg=0 bulletBoneRotAvgDeg=0 mode2DeltaMax=9.85114 mode2DeltaAvg=1.67904 active=495 sleeping=0 constraints=565 manifolds=1532 contacts=474 peakContacts=924 finite=true
[PHYSICS STATS] build=RelWithDebInfo fps=147.132 frameMs=6.7966 physicsMs=0.4508 peakPhysicsMs=14.915 fixedMs=16.6667 substeps=0 peakSubsteps=4 stabilizationSubsteps=0 accumulatorMs=14.344 droppedMs=0 peakDroppedMs=48.2805 catchUpLimited=false bodies=495 static=0 dynamic=457 kinematic=38 ccdBodies=325 boxMarginMin=0.008 boxMarginMax=0.04 solverIterations=15 splitImpulse=true splitImpulseThreshold=-0.02 recoveryChains=9 recoveryPhysicsTicks=6613 recoveries=94 recoveredBodies=548 largestRecoveryRegion=12 pendingRecoveryChains=2 recoveryCooldownChains=3 recoveryFusedChains=0 recoveryFuseTrips=18 suppressedRecoveries=23 mode2Sync=TRANSLATION_DELTA fidelityDebug=ALL drivenBones=457 mode2Bodies=383 sampledVertices=128 bulletBonePosMax=0.612286 bulletBonePosAvg=0.0952301 bulletBoneRotMaxDeg=0.0395647 bulletBoneRotAvgDeg=8.65748e-05 mode2DeltaMax=10.4357 mode2DeltaAvg=1.75597 active=495 sleeping=0 constraints=565 manifolds=1714 contacts=492 peakContacts=924 finite=true
[MMD RECOVERY] chain=0 localBodies=5 chainBodies=290 reason=runaway seedBody=217:"Skirt_11_1" joint=none abnormalMs=450 positionError=7.16178 linearViolation=0 angularViolationDeg=0 linearSpeed=0 angularSpeed=0 total=95
[MMD RECOVERY] chain=1 localBodies=5 chainBodies=99 reason=runaway seedBody=328:"Skirt_19_1" joint=none abnormalMs=2933.33 positionError=11.773 linearViolation=0 angularViolationDeg=0 linearSpeed=0 angularSpeed=0 total=96
[MMD RECOVERY FUSE] chain=1 tripped=true durationMs=10000 recoveriesInWindow=3 totalTrips=19
[PHYSICS STATS] build=RelWithDebInfo fps=144.036 frameMs=6.9427 physicsMs=3.1473 peakPhysicsMs=14.915 fixedMs=16.6667 substeps=1 peakSubsteps=4 stabilizationSubsteps=0 accumulatorMs=2.70567 droppedMs=0 peakDroppedMs=48.2805 catchUpLimited=false bodies=495 static=0 dynamic=457 kinematic=38 ccdBodies=325 boxMarginMin=0.008 boxMarginMax=0.04 solverIterations=15 splitImpulse=true splitImpulseThreshold=-0.02 recoveryChains=9 recoveryPhysicsTicks=6674 recoveries=96 recoveredBodies=558 largestRecoveryRegion=12 pendingRecoveryChains=2 recoveryCooldownChains=2 recoveryFusedChains=1 recoveryFuseTrips=19 suppressedRecoveries=23 mode2Sync=TRANSLATION_DELTA fidelityDebug=ALL drivenBones=457 mode2Bodies=383 sampledVertices=128 bulletBonePosMax=0.482166 bulletBonePosAvg=0.0956464 bulletBoneRotMaxDeg=0.0395647 bulletBoneRotAvgDeg=0.00017315 mode2DeltaMax=10.9011 mode2DeltaAvg=2.04093 active=495 sleeping=0 constraints=565 manifolds=1814 contacts=524 peakContacts=924 finite=true
[MMD RECOVERY FUSE] chain=1 reason=runaway remainingMs=9450.01 suppressed=24
[MMD ALIGN] debug overlay=BIND (1)
[MMD ALIGN] debug overlay=RESET (2)
[PHYSICS STATS] build=RelWithDebInfo fps=145.611 frameMs=6.8676 physicsMs=3.0606 peakPhysicsMs=14.915 fixedMs=16.6667 substeps=1 peakSubsteps=4 stabilizationSubsteps=0 accumulatorMs=3.80312 droppedMs=0 peakDroppedMs=48.2805 catchUpLimited=false bodies=495 static=0 dynamic=457 kinematic=38 ccdBodies=325 boxMarginMin=0.008 boxMarginMax=0.04 solverIterations=15 splitImpulse=true splitImpulseThreshold=-0.02 recoveryChains=9 recoveryPhysicsTicks=6734 recoveries=96 recoveredBodies=558 largestRecoveryRegion=12 pendingRecoveryChains=3 recoveryCooldownChains=2 recoveryFusedChains=1 recoveryFuseTrips=19 suppressedRecoveries=24 mode2Sync=TRANSLATION_DELTA fidelityDebug=ALL drivenBones=457 mode2Bodies=383 sampledVertices=128 bulletBonePosMax=0.510192 bulletBonePosAvg=0.105855 bulletBoneRotMaxDeg=0.0395647 bulletBoneRotAvgDeg=0.00017315 mode2DeltaMax=8.69063 mode2DeltaAvg=1.97474 active=495 sleeping=0 constraints=565 manifolds=1564 contacts=466 peakContacts=924 finite=true
[MMD RECOVERY] chain=6 localBodies=5 chainBodies=24 reason=runaway seedBody=425:"宸d_19" joint=none abnormalMs=450 positionError=6.94915 linearViolation=0 angularViolationDeg=0 linearSpeed=0 angularSpeed=0 total=97
[MMD RECOVERY FUSE] chain=6 tripped=true durationMs=10000 recoveriesInWindow=3 totalTrips=20
[MMD ALIGN] debug overlay=RUNTIME (3)
[PHYSICS STATS] build=RelWithDebInfo fps=120.035 frameMs=8.3309 physicsMs=0.4783 peakPhysicsMs=14.915 fixedMs=16.6667 substeps=0 peakSubsteps=4 stabilizationSubsteps=0 accumulatorMs=10.7711 droppedMs=0 peakDroppedMs=48.2805 catchUpLimited=false bodies=495 static=0 dynamic=457 kinematic=38 ccdBodies=325 boxMarginMin=0.008 boxMarginMax=0.04 solverIterations=15 splitImpulse=true splitImpulseThreshold=-0.02 recoveryChains=9 recoveryPhysicsTicks=6794 recoveries=97 recoveredBodies=563 largestRecoveryRegion=12 pendingRecoveryChains=2 recoveryCooldownChains=3 recoveryFusedChains=2 recoveryFuseTrips=20 suppressedRecoveries=24 mode2Sync=TRANSLATION_DELTA fidelityDebug=ALL drivenBones=457 mode2Bodies=383 sampledVertices=128 bulletBonePosMax=0.388914 bulletBonePosAvg=0.101519 bulletBoneRotMaxDeg=0 bulletBoneRotAvgDeg=0 mode2DeltaMax=9.71087 mode2DeltaAvg=2.1206 active=495 sleeping=0 constraints=565 manifolds=1611 contacts=471 peakContacts=924 finite=true
[MMD RECOVERY FUSE] chain=1 reason=runaway remainingMs=7616.69 suppressed=25
[MMD RECOVERY] chain=0 localBodies=5 chainBodies=290 reason=runaway seedBody=268:"Skirt_11_1" joint=none abnormalMs=2100 positionError=7.2591 linearViolation=0 angularViolationDeg=0 linearSpeed=0 angularSpeed=0 total=98
[PHYSICS STATS] build=RelWithDebInfo fps=141.902 frameMs=7.0471 physicsMs=0.4362 peakPhysicsMs=14.915 fixedMs=16.6667 substeps=0 peakSubsteps=4 stabilizationSubsteps=0 accumulatorMs=14.8627 droppedMs=0 peakDroppedMs=48.2805 catchUpLimited=false bodies=495 static=0 dynamic=457 kinematic=38 ccdBodies=325 boxMarginMin=0.008 boxMarginMax=0.04 solverIterations=15 splitImpulse=true splitImpulseThreshold=-0.02 recoveryChains=9 recoveryPhysicsTicks=6854 recoveries=98 recoveredBodies=568 largestRecoveryRegion=12 pendingRecoveryChains=2 recoveryCooldownChains=2 recoveryFusedChains=2 recoveryFuseTrips=20 suppressedRecoveries=25 mode2Sync=TRANSLATION_DELTA fidelityDebug=ALL drivenBones=457 mode2Bodies=383 sampledVertices=128 bulletBonePosMax=0.570592 bulletBonePosAvg=0.102222 bulletBoneRotMaxDeg=0.0395647 bulletBoneRotAvgDeg=8.65748e-05 mode2DeltaMax=12.4525 mode2DeltaAvg=2.03872 active=495 sleeping=0 constraints=565 manifolds=1581 contacts=483 peakContacts=924 finite=true
[PHYSICS STATS] build=RelWithDebInfo fps=126.137 frameMs=7.9279 physicsMs=2.7913 peakPhysicsMs=14.915 fixedMs=16.6667 substeps=1 peakSubsteps=4 stabilizationSubsteps=0 accumulatorMs=3.3729 droppedMs=0 peakDroppedMs=48.2805 catchUpLimited=false bodies=495 static=0 dynamic=457 kinematic=38 ccdBodies=325 boxMarginMin=0.008 boxMarginMax=0.04 solverIterations=15 splitImpulse=true splitImpulseThreshold=-0.02 recoveryChains=9 recoveryPhysicsTicks=6915 recoveries=98 recoveredBodies=568 largestRecoveryRegion=12 pendingRecoveryChains=2 recoveryCooldownChains=2 recoveryFusedChains=2 recoveryFuseTrips=20 suppressedRecoveries=25 mode2Sync=TRANSLATION_DELTA fidelityDebug=ALL drivenBones=457 mode2Bodies=383 sampledVertices=128 bulletBonePosMax=0.567966 bulletBonePosAvg=0.100175 bulletBoneRotMaxDeg=0.0395647 bulletBoneRotAvgDeg=0.000259724 mode2DeltaMax=12.8117 mode2DeltaAvg=2.19459 active=495 sleeping=0 constraints=565 manifolds=1769 contacts=484 peakContacts=924 finite=true
[MMD INIT STAGE] stage=before-reset steps=0 finite=true maxJointPos=10.7058 maxJointRotDeg=102.722 maxLinearViolation=1.18243 maxAngularViolationDeg=61.2211 stabilizationLinearViolation=1.18243 stabilizationAngularViolationDeg=61.2211 ignoredWideTravelJoints=48 severeJoints=20 jointIndex=73 joint="S" bodyA="B" bodyB="B" linearViolationJointIndex=316 linearViolationJoint="Skirt_3_1" angularViolationJointIndex=57 angularViolationJoint="Ctr_R_HairC_03"
[MMD INIT STAGE] stage=after-reset steps=0 finite=true maxJointPos=13.0674 maxJointRotDeg=94.7543 maxLinearViolation=7.62939e-06 maxAngularViolationDeg=97.4832 stabilizationLinearViolation=7.62939e-06 stabilizationAngularViolationDeg=2.43325e-05 ignoredWideTravelJoints=48 severeJoints=0 jointIndex=512 joint="S" bodyA="B" bodyB="B" linearViolationJointIndex=10 linearViolationJoint="Ctr_F_HairNewA_01" angularViolationJointIndex=510 angularViolationJoint="S"
[MMD INIT STAGE] stage=pre-warmup-reset steps=0 finite=true maxJointPos=13.0674 maxJointRotDeg=94.7543 maxLinearViolation=7.62939e-06 maxAngularViolationDeg=97.4832 stabilizationLinearViolation=7.62939e-06 stabilizationAngularViolationDeg=2.43325e-05 ignoredWideTravelJoints=48 severeJoints=0 jointIndex=512 joint="S" bodyA="B" bodyB="B" linearViolationJointIndex=10 linearViolationJoint="Ctr_F_HairNewA_01" angularViolationJointIndex=510 angularViolationJoint="S"
[MMD INIT] warmup=not_required maxLinearViolation=7.62939e-06 maxAngularViolationDeg=2.43325e-05
[PHYSICS STATS] build=RelWithDebInfo fps=113.889 frameMs=8.7805 physicsMs=3.3861 peakPhysicsMs=14.915 fixedMs=16.6667 substeps=1 peakSubsteps=4 stabilizationSubsteps=0 accumulatorMs=3.95414 droppedMs=0 peakDroppedMs=48.2805 catchUpLimited=false bodies=495 static=0 dynamic=457 kinematic=38 ccdBodies=325 boxMarginMin=0.008 boxMarginMax=0.04 solverIterations=15 splitImpulse=true splitImpulseThreshold=-0.02 recoveryChains=9 recoveryPhysicsTicks=6975 recoveries=98 recoveredBodies=568 largestRecoveryRegion=12 pendingRecoveryChains=3 recoveryCooldownChains=0 recoveryFusedChains=0 recoveryFuseTrips=20 suppressedRecoveries=25 mode2Sync=TRANSLATION_DELTA fidelityDebug=ALL drivenBones=457 mode2Bodies=383 sampledVertices=128 bulletBonePosMax=0.363304 bulletBonePosAvg=0.0821393 bulletBoneRotMaxDeg=0 bulletBoneRotAvgDeg=0 mode2DeltaMax=9.49491 mode2DeltaAvg=1.30477 active=495 sleeping=0 constraints=565 manifolds=1556 contacts=533 peakContacts=924 finite=true
[MMD RECOVERY] chain=6 localBodies=5 chainBodies=24 reason=runaway seedBody=425:"宸d_19" joint=none abnormalMs=450 positionError=9.95921 linearViolation=0 angularViolationDeg=0 linearSpeed=0 angularSpeed=0 total=99
[MMD RECOVERY] chain=5 localBodies=5 chainBodies=24 reason=runaway seedBody=444:"鍙硍d_19" joint=none abnormalMs=450 positionError=9.71328 linearViolation=0 angularViolationDeg=0 linearSpeed=0 angularSpeed=0 total=100
[MMD RECOVERY] chain=1 localBodies=12 chainBodies=99 reason=joint_violation seedBody=311:"Skirt_2_1" joint=316:"Skirt_3_1" abnormalMs=450 positionError=1.88606 linearViolation=1.8006 angularViolationDeg=3.90197 linearSpeed=0 angularSpeed=0 total=101
[MMD RECOVERY] chain=1 localBodies=5 chainBodies=99 reason=runaway seedBody=328:"Skirt_19_1" joint=none abnormalMs=183.333 positionError=12.0156 linearViolation=0 angularViolationDeg=0 linearSpeed=0 angularSpeed=0 total=102
[PHYSICS STATS] build=RelWithDebInfo fps=133.458 frameMs=7.493 physicsMs=3.3195 peakPhysicsMs=14.915 fixedMs=16.6667 substeps=1 peakSubsteps=4 stabilizationSubsteps=0 accumulatorMs=7.02519 droppedMs=0 peakDroppedMs=48.2805 catchUpLimited=false bodies=495 static=0 dynamic=457 kinematic=38 ccdBodies=325 boxMarginMin=0.008 boxMarginMax=0.04 solverIterations=15 splitImpulse=true splitImpulseThreshold=-0.02 recoveryChains=9 recoveryPhysicsTicks=7035 recoveries=102 recoveredBodies=595 largestRecoveryRegion=12 pendingRecoveryChains=2 recoveryCooldownChains=3 recoveryFusedChains=0 recoveryFuseTrips=20 suppressedRecoveries=25 mode2Sync=TRANSLATION_DELTA fidelityDebug=ALL drivenBones=457 mode2Bodies=383 sampledVertices=128 bulletBonePosMax=0.419738 bulletBonePosAvg=0.082898 bulletBoneRotMaxDeg=0 bulletBoneRotAvgDeg=0 mode2DeltaMax=11.2782 mode2DeltaAvg=1.76328 active=495 sleeping=0 constraints=565 manifolds=1600 contacts=471 peakContacts=924 finite=true
[PHYSICS STATS] build=RelWithDebInfo fps=132.584 frameMs=7.5424 physicsMs=0.4596 peakPhysicsMs=14.915 fixedMs=16.6667 substeps=0 peakSubsteps=4 stabilizationSubsteps=0 accumulatorMs=13.0357 droppedMs=0 peakDroppedMs=48.2805 catchUpLimited=false bodies=495 static=0 dynamic=457 kinematic=38 ccdBodies=325 boxMarginMin=0.008 boxMarginMax=0.04 solverIterations=15 splitImpulse=true splitImpulseThreshold=-0.02 recoveryChains=9 recoveryPhysicsTicks=7095 recoveries=102 recoveredBodies=595 largestRecoveryRegion=12 pendingRecoveryChains=3 recoveryCooldownChains=3 recoveryFusedChains=0 recoveryFuseTrips=20 suppressedRecoveries=25 mode2Sync=TRANSLATION_DELTA fidelityDebug=ALL drivenBones=457 mode2Bodies=383 sampledVertices=128 bulletBonePosMax=0.304663 bulletBonePosAvg=0.0833316 bulletBoneRotMaxDeg=0.0395647 bulletBoneRotAvgDeg=8.65748e-05 mode2DeltaMax=10.6688 mode2DeltaAvg=1.92358 active=495 sleeping=0 constraints=565 manifolds=1508 contacts=463 peakContacts=924 finite=true
[MMD RECOVERY] chain=5 localBodies=5 chainBodies=24 reason=runaway seedBody=444:"鍙硍d_19" joint=none abnormalMs=233.333 positionError=10.0334 linearViolation=0 angularViolationDeg=0 linearSpeed=0 angularSpeed=0 total=103
[PHYSICS STATS] build=RelWithDebInfo fps=140.718 frameMs=7.1064 physicsMs=3.1963 peakPhysicsMs=14.915 fixedMs=16.6667 substeps=1 peakSubsteps=4 stabilizationSubsteps=0 accumulatorMs=4.58303 droppedMs=0 peakDroppedMs=48.2805 catchUpLimited=false bodies=495 static=0 dynamic=457 kinematic=38 ccdBodies=325 boxMarginMin=0.008 boxMarginMax=0.04 solverIterations=15 splitImpulse=true splitImpulseThreshold=-0.02 recoveryChains=9 recoveryPhysicsTicks=7156 recoveries=103 recoveredBodies=600 largestRecoveryRegion=12 pendingRecoveryChains=3 recoveryCooldownChains=3 recoveryFusedChains=0 recoveryFuseTrips=20 suppressedRecoveries=25 mode2Sync=TRANSLATION_DELTA fidelityDebug=ALL drivenBones=457 mode2Bodies=383 sampledVertices=128 bulletBonePosMax=0.494516 bulletBonePosAvg=0.0833903 bulletBoneRotMaxDeg=0.0395647 bulletBoneRotAvgDeg=8.65748e-05 mode2DeltaMax=7.96995 mode2DeltaAvg=1.51585 active=495 sleeping=0 constraints=565 manifolds=1532 contacts=450 peakContacts=924 finite=true
[MMD RECOVERY] chain=6 localBodies=5 chainBodies=24 reason=runaway seedBody=425:"宸d_19" joint=none abnormalMs=716.667 positionError=7.61882 linearViolation=0 angularViolationDeg=0 linearSpeed=0 angularSpeed=0 total=104
[MMD RECOVERY] chain=1 localBodies=13 chainBodies=99 reason=runaway seedBody=392:"鍚巕_7" joint=none abnormalMs=450 positionError=8.04317 linearViolation=0 angularViolationDeg=0 linearSpeed=0 angularSpeed=0 total=105
[MMD RECOVERY FUSE] chain=1 tripped=true durationMs=10000 recoveriesInWindow=3 totalTrips=21
[PHYSICS STATS] build=RelWithDebInfo fps=115.742 frameMs=8.6399 physicsMs=0.5109 peakPhysicsMs=14.915 fixedMs=16.6667 substeps=0 peakSubsteps=4 stabilizationSubsteps=0 accumulatorMs=11.5585 droppedMs=0 peakDroppedMs=48.2805 catchUpLimited=false bodies=495 static=0 dynamic=457 kinematic=38 ccdBodies=325 boxMarginMin=0.008 boxMarginMax=0.04 solverIterations=15 splitImpulse=true splitImpulseThreshold=-0.02 recoveryChains=9 recoveryPhysicsTicks=7216 recoveries=105 recoveredBodies=618 largestRecoveryRegion=13 pendingRecoveryChains=0 recoveryCooldownChains=3 recoveryFusedChains=1 recoveryFuseTrips=21 suppressedRecoveries=25 mode2Sync=TRANSLATION_DELTA fidelityDebug=ALL drivenBones=457 mode2Bodies=383 sampledVertices=128 bulletBonePosMax=0.446923 bulletBonePosAvg=0.0728186 bulletBoneRotMaxDeg=0.0395647 bulletBoneRotAvgDeg=8.65748e-05 mode2DeltaMax=9.11224 mode2DeltaAvg=1.4273 active=495 sleeping=0 constraints=565 manifolds=1581 contacts=465 peakContacts=924 finite=true
[PHYSICS STATS] build=RelWithDebInfo fps=115.646 frameMs=8.6471 physicsMs=0.4459 peakPhysicsMs=14.915 fixedMs=16.6667 substeps=0 peakSubsteps=4 stabilizationSubsteps=0 accumulatorMs=11.9259 droppedMs=0 peakDroppedMs=48.2805 catchUpLimited=false bodies=495 static=0 dynamic=457 kinematic=38 ccdBodies=325 boxMarginMin=0.008 boxMarginMax=0.04 solverIterations=15 splitImpulse=true splitImpulseThreshold=-0.02 recoveryChains=9 recoveryPhysicsTicks=7276 recoveries=105 recoveredBodies=618 largestRecoveryRegion=13 pendingRecoveryChains=2 recoveryCooldownChains=3 recoveryFusedChains=1 recoveryFuseTrips=21 suppressedRecoveries=25 mode2Sync=TRANSLATION_DELTA fidelityDebug=ALL drivenBones=457 mode2Bodies=383 sampledVertices=128 bulletBonePosMax=0.390533 bulletBonePosAvg=0.0775778 bulletBoneRotMaxDeg=0 bulletBoneRotAvgDeg=0 mode2DeltaMax=9.6088 mode2DeltaAvg=1.47043 active=495 sleeping=0 constraints=565 manifolds=1618 contacts=466 peakContacts=924 finite=true
[MMD RECOVERY FUSE] chain=1 reason=runaway remainingMs=8766.69 suppressed=26
[MMD RECOVERY] chain=0 localBodies=9 chainBodies=290 reason=joint_violation seedBody=234:"Skirt_16_1" joint=235:"Skirt_17_1" abnormalMs=450 positionError=1.3096 linearViolation=1.27955 angularViolationDeg=1.0669 linearSpeed=0 angularSpeed=0 total=106
[PHYSICS STATS] build=RelWithDebInfo fps=109.698 frameMs=9.1159 physicsMs=0.4102 peakPhysicsMs=14.915 fixedMs=16.6667 substeps=0 peakSubsteps=4 stabilizationSubsteps=0 accumulatorMs=15.3603 droppedMs=0 peakDroppedMs=48.2805 catchUpLimited=false bodies=495 static=0 dynamic=457 kinematic=38 ccdBodies=325 boxMarginMin=0.008 boxMarginMax=0.04 solverIterations=15 splitImpulse=true splitImpulseThreshold=-0.02 recoveryChains=9 recoveryPhysicsTicks=7336 recoveries=106 recoveredBodies=627 largestRecoveryRegion=13 pendingRecoveryChains=2 recoveryCooldownChains=3 recoveryFusedChains=1 recoveryFuseTrips=21 suppressedRecoveries=26 mode2Sync=TRANSLATION_DELTA fidelityDebug=ALL drivenBones=457 mode2Bodies=383 sampledVertices=128 bulletBonePosMax=0.578007 bulletBonePosAvg=0.0874033 bulletBoneRotMaxDeg=0.0395647 bulletBoneRotAvgDeg=8.65748e-05 mode2DeltaMax=11.6175 mode2DeltaAvg=1.93119 active=495 sleeping=0 constraints=565 manifolds=1582 contacts=498 peakContacts=924 finite=true
[PHYSICS STATS] build=RelWithDebInfo fps=135.969 frameMs=7.3546 physicsMs=3.3924 peakPhysicsMs=14.915 fixedMs=16.6667 substeps=1 peakSubsteps=4 stabilizationSubsteps=0 accumulatorMs=3.52935 droppedMs=0 peakDroppedMs=48.2805 catchUpLimited=false bodies=495 static=0 dynamic=457 kinematic=38 ccdBodies=325 boxMarginMin=0.008 boxMarginMax=0.04 solverIterations=15 splitImpulse=true splitImpulseThreshold=-0.02 recoveryChains=9 recoveryPhysicsTicks=7397 recoveries=106 recoveredBodies=627 largestRecoveryRegion=13 pendingRecoveryChains=3 recoveryCooldownChains=1 recoveryFusedChains=1 recoveryFuseTrips=21 suppressedRecoveries=26 mode2Sync=TRANSLATION_DELTA fidelityDebug=ALL drivenBones=457 mode2Bodies=383 sampledVertices=128 bulletBonePosMax=0.430208 bulletBonePosAvg=0.0939081 bulletBoneRotMaxDeg=0.0395647 bulletBoneRotAvgDeg=0.00017315 mode2DeltaMax=11.5278 mode2DeltaAvg=1.80865 active=495 sleeping=0 constraints=565 manifolds=1590 contacts=466 peakContacts=924 finite=true
[PHYSICS STATS] build=RelWithDebInfo fps=157.826 frameMs=6.3361 physicsMs=3.1399 peakPhysicsMs=14.915 fixedMs=16.6667 substeps=1 peakSubsteps=4 stabilizationSubsteps=0 accumulatorMs=4.63221 droppedMs=0 peakDroppedMs=48.2805 catchUpLimited=false bodies=495 static=0 dynamic=457 kinematic=38 ccdBodies=325 boxMarginMin=0.008 boxMarginMax=0.04 solverIterations=15 splitImpulse=true splitImpulseThreshold=-0.02 recoveryChains=9 recoveryPhysicsTicks=7457 recoveries=106 recoveredBodies=627 largestRecoveryRegion=13 pendingRecoveryChains=3 recoveryCooldownChains=1 recoveryFusedChains=1 recoveryFuseTrips=21 suppressedRecoveries=26 mode2Sync=TRANSLATION_DELTA fidelityDebug=ALL drivenBones=457 mode2Bodies=383 sampledVertices=128 bulletBonePosMax=0.546829 bulletBonePosAvg=0.0996564 bulletBoneRotMaxDeg=0 bulletBoneRotAvgDeg=0 mode2DeltaMax=11.5152 mode2DeltaAvg=1.95733 active=495 sleeping=0 constraints=565 manifolds=1627 contacts=489 peakContacts=924 finite=true
[MMD RECOVERY] chain=6 localBodies=5 chainBodies=24 reason=runaway seedBody=425:"宸d_19" joint=none abnormalMs=450 positionError=6.91874 linearViolation=0 angularViolationDeg=0 linearSpeed=0 angularSpeed=0 total=107
[MMD RECOVERY FUSE] chain=6 tripped=true durationMs=10000 recoveriesInWindow=3 totalTrips=22
[MMD FIDELITY] mode2=ROTATION_ONLY
[MMD RECOVERY] chain=0 localBodies=5 chainBodies=290 reason=runaway seedBody=268:"Skirt_11_1" joint=none abnormalMs=1233.33 positionError=6.9389 linearViolation=0 angularViolationDeg=0 linearSpeed=0 angularSpeed=0 total=108
[PHYSICS STATS] build=RelWithDebInfo fps=116.234 frameMs=8.6033 physicsMs=3.5087 peakPhysicsMs=14.915 fixedMs=16.6667 substeps=1 peakSubsteps=4 stabilizationSubsteps=0 accumulatorMs=6.80085 droppedMs=0 peakDroppedMs=48.2805 catchUpLimited=false bodies=495 static=0 dynamic=457 kinematic=38 ccdBodies=325 boxMarginMin=0.008 boxMarginMax=0.04 solverIterations=15 splitImpulse=true splitImpulseThreshold=-0.02 recoveryChains=9 recoveryPhysicsTicks=7517 recoveries=108 recoveredBodies=637 largestRecoveryRegion=13 pendingRecoveryChains=2 recoveryCooldownChains=2 recoveryFusedChains=2 recoveryFuseTrips=22 suppressedRecoveries=26 mode2Sync=ROTATION_ONLY fidelityDebug=ALL drivenBones=457 mode2Bodies=383 sampledVertices=128 bulletBonePosMax=12.2979 bulletBonePosAvg=1.78309 bulletBoneRotMaxDeg=0.0395647 bulletBoneRotAvgDeg=8.65748e-05 mode2DeltaMax=12.4584 mode2DeltaAvg=2.22293 active=495 sleeping=0 constraints=565 manifolds=1544 contacts=507 peakContacts=924 finite=true
[PHYSICS STATS] build=RelWithDebInfo fps=119.835 frameMs=8.3448 physicsMs=0.4385 peakPhysicsMs=14.915 fixedMs=16.6667 substeps=0 peakSubsteps=4 stabilizationSubsteps=0 accumulatorMs=11.8432 droppedMs=0 peakDroppedMs=48.2805 catchUpLimited=false bodies=495 static=0 dynamic=457 kinematic=38 ccdBodies=325 boxMarginMin=0.008 boxMarginMax=0.04 solverIterations=15 splitImpulse=true splitImpulseThreshold=-0.02 recoveryChains=9 recoveryPhysicsTicks=7577 recoveries=108 recoveredBodies=637 largestRecoveryRegion=13 pendingRecoveryChains=2 recoveryCooldownChains=2 recoveryFusedChains=2 recoveryFuseTrips=22 suppressedRecoveries=26 mode2Sync=ROTATION_ONLY fidelityDebug=ALL drivenBones=457 mode2Bodies=383 sampledVertices=128 bulletBonePosMax=11.5867 bulletBonePosAvg=1.74985 bulletBoneRotMaxDeg=0.0395647 bulletBoneRotAvgDeg=0.00017315 mode2DeltaMax=11.7012 mode2DeltaAvg=2.18515 active=495 sleeping=0 constraints=565 manifolds=1577 contacts=464 peakContacts=924 finite=true
[MMD FIDELITY] mode2=FULL_BODY
[MMD FIDELITY] mode2=TRANSLATION_DELTA
[MMD INIT STAGE] stage=before-reset steps=0 finite=true maxJointPos=12.057 maxJointRotDeg=69.4538 maxLinearViolation=1.42078 maxAngularViolationDeg=51.3385 stabilizationLinearViolation=1.42078 stabilizationAngularViolationDeg=41.9313 ignoredWideTravelJoints=48 severeJoints=20 jointIndex=565 joint="S" bodyA="B" bodyB="B" linearViolationJointIndex=333 linearViolationJoint="Skirt_2_1B" angularViolationJointIndex=558 angularViolationJoint="S"
[MMD INIT STAGE] stage=after-reset steps=0 finite=true maxJointPos=13.0637 maxJointRotDeg=94.7343 maxLinearViolation=9.53674e-06 maxAngularViolationDeg=97.4559 stabilizationLinearViolation=9.53674e-06 stabilizationAngularViolationDeg=2.39057e-05 ignoredWideTravelJoints=48 severeJoints=0 jointIndex=512 joint="S" bodyA="B" bodyB="B" linearViolationJointIndex=162 linearViolationJoint="Ctr_R_HairB_06" angularViolationJointIndex=510 angularViolationJoint="S"
[MMD INIT STAGE] stage=pre-warmup-reset steps=0 finite=true maxJointPos=13.0637 maxJointRotDeg=94.7343 maxLinearViolation=9.53674e-06 maxAngularViolationDeg=97.4559 stabilizationLinearViolation=9.53674e-06 stabilizationAngularViolationDeg=2.39057e-05 ignoredWideTravelJoints=48 severeJoints=0 jointIndex=512 joint="S" bodyA="B" bodyB="B" linearViolationJointIndex=162 linearViolationJoint="Ctr_R_HairB_06" angularViolationJointIndex=510 angularViolationJoint="S"
[MMD INIT] warmup=not_required maxLinearViolation=9.53674e-06 maxAngularViolationDeg=2.39057e-05
[PHYSICS STATS] build=RelWithDebInfo fps=116.305 frameMs=8.5981 physicsMs=0.4577 peakPhysicsMs=14.915 fixedMs=16.6667 substeps=0 peakSubsteps=4 stabilizationSubsteps=0 accumulatorMs=14.9256 droppedMs=0 peakDroppedMs=48.2805 catchUpLimited=false bodies=495 static=0 dynamic=457 kinematic=38 ccdBodies=325 boxMarginMin=0.008 boxMarginMax=0.04 solverIterations=15 splitImpulse=true splitImpulseThreshold=-0.02 recoveryChains=9 recoveryPhysicsTicks=7637 recoveries=108 recoveredBodies=637 largestRecoveryRegion=13 pendingRecoveryChains=1 recoveryCooldownChains=0 recoveryFusedChains=0 recoveryFuseTrips=22 suppressedRecoveries=26 mode2Sync=TRANSLATION_DELTA fidelityDebug=ALL drivenBones=457 mode2Bodies=383 sampledVertices=128 bulletBonePosMax=0.168761 bulletBonePosAvg=0.0269101 bulletBoneRotMaxDeg=0 bulletBoneRotAvgDeg=0 mode2DeltaMax=3.66535 mode2DeltaAvg=0.49777 active=495 sleeping=0 constraints=565 manifolds=1729 contacts=614 peakContacts=924 finite=true
[MMD RECOVERY] chain=6 localBodies=5 chainBodies=24 reason=runaway seedBody=425:"宸d_19" joint=none abnormalMs=450 positionError=9.95334 linearViolation=0 angularViolationDeg=0 linearSpeed=0 angularSpeed=0 total=109
[MMD RECOVERY] chain=5 localBodies=5 chainBodies=24 reason=runaway seedBody=444:"鍙硍d_19" joint=none abnormalMs=450 positionError=9.69759 linearViolation=0 angularViolationDeg=0 linearSpeed=0 angularSpeed=0 total=110
[MMD RECOVERY] chain=1 localBodies=12 chainBodies=99 reason=joint_violation seedBody=311:"Skirt_2_1" joint=316:"Skirt_3_1" abnormalMs=450 positionError=1.7707 linearViolation=1.7705 angularViolationDeg=2.10203 linearSpeed=0 angularSpeed=0 total=111
[PHYSICS STATS] build=RelWithDebInfo fps=131.673 frameMs=7.5946 physicsMs=3.3167 peakPhysicsMs=14.915 fixedMs=16.6667 substeps=1 peakSubsteps=4 stabilizationSubsteps=0 accumulatorMs=1.98272 droppedMs=0 peakDroppedMs=48.2805 catchUpLimited=false bodies=495 static=0 dynamic=457 kinematic=38 ccdBodies=325 boxMarginMin=0.008 boxMarginMax=0.04 solverIterations=15 splitImpulse=true splitImpulseThreshold=-0.02 recoveryChains=9 recoveryPhysicsTicks=7698 recoveries=111 recoveredBodies=659 largestRecoveryRegion=13 pendingRecoveryChains=1 recoveryCooldownChains=3 recoveryFusedChains=0 recoveryFuseTrips=22 suppressedRecoveries=26 mode2Sync=TRANSLATION_DELTA fidelityDebug=ALL drivenBones=457 mode2Bodies=383 sampledVertices=128 bulletBonePosMax=0.360786 bulletBonePosAvg=0.0720009 bulletBoneRotMaxDeg=0.0395647 bulletBoneRotAvgDeg=0.000259724 mode2DeltaMax=11.4484 mode2DeltaAvg=1.50804 active=495 sleeping=0 constraints=565 manifolds=1529 contacts=492 peakContacts=924 finite=true
[MMD RECOVERY] chain=1 localBodies=5 chainBodies=99 reason=runaway seedBody=328:"Skirt_19_1" joint=none abnormalMs=633.333 positionError=12.1406 linearViolation=0 angularViolationDeg=0 linearSpeed=0 angularSpeed=0 total=112
[PHYSICS STATS] build=RelWithDebInfo fps=101.054 frameMs=9.8957 physicsMs=0.5934 peakPhysicsMs=14.915 fixedMs=16.6667 substeps=0 peakSubsteps=4 stabilizationSubsteps=0 accumulatorMs=10.073 droppedMs=0 peakDroppedMs=48.2805 catchUpLimited=false bodies=495 static=0 dynamic=457 kinematic=38 ccdBodies=325 boxMarginMin=0.008 boxMarginMax=0.04 solverIterations=15 splitImpulse=true splitImpulseThreshold=-0.02 recoveryChains=9 recoveryPhysicsTicks=7758 recoveries=112 recoveredBodies=664 largestRecoveryRegion=13 pendingRecoveryChains=4 recoveryCooldownChains=3 recoveryFusedChains=0 recoveryFuseTrips=22 suppressedRecoveries=26 mode2Sync=TRANSLATION_DELTA fidelityDebug=ALL drivenBones=457 mode2Bodies=383 sampledVertices=128 bulletBonePosMax=0.314269 bulletBonePosAvg=0.0750073 bulletBoneRotMaxDeg=0.0395647 bulletBoneRotAvgDeg=0.000346299 mode2DeltaMax=10.058 mode2DeltaAvg=1.52878 active=495 sleeping=0 constraints=565 manifolds=1529 contacts=451 peakContacts=924 finite=true
[MMD ALIGN] debug overlay=ALL (4)
[MMD RECOVERY] chain=1 localBodies=5 chainBodies=99 reason=runaway seedBody=328:"Skirt_19_1" joint=none abnormalMs=233.333 positionError=12.1469 linearViolation=0 angularViolationDeg=0 linearSpeed=0 angularSpeed=0 total=113
[MMD RECOVERY FUSE] chain=1 tripped=true durationMs=10000 recoveriesInWindow=3 totalTrips=23
[MMD RECOVERY FUSE] chain=1 reason=runaway remainingMs=9800 suppressed=27
[MMD ALIGN] debug overlay=OFF (0)
[PHYSICS STATS] build=RelWithDebInfo fps=124.29 frameMs=8.0457 physicsMs=0.4499 peakPhysicsMs=14.915 fixedMs=16.6667 substeps=0 peakSubsteps=4 stabilizationSubsteps=0 accumulatorMs=14.6392 droppedMs=0 peakDroppedMs=48.2805 catchUpLimited=false bodies=495 static=0 dynamic=457 kinematic=38 ccdBodies=325 boxMarginMin=0.008 boxMarginMax=0.04 solverIterations=15 splitImpulse=true splitImpulseThreshold=-0.02 recoveryChains=9 recoveryPhysicsTicks=7818 recoveries=113 recoveredBodies=669 largestRecoveryRegion=13 pendingRecoveryChains=3 recoveryCooldownChains=3 recoveryFusedChains=1 recoveryFuseTrips=23 suppressedRecoveries=27 mode2Sync=TRANSLATION_DELTA fidelityDebug=ALL drivenBones=457 mode2Bodies=383 sampledVertices=128 bulletBonePosMax=0.437572 bulletBonePosAvg=0.0932398 bulletBoneRotMaxDeg=0.0395647 bulletBoneRotAvgDeg=8.65748e-05 mode2DeltaMax=16.1857 mode2DeltaAvg=1.90739 active=495 sleeping=0 constraints=565 manifolds=1548 contacts=467 peakContacts=924 finite=true
[MMD RECOVERY] chain=5 localBodies=5 chainBodies=24 reason=runaway seedBody=444:"鍙硍d_19" joint=none abnormalMs=250 positionError=10.1311 linearViolation=0 angularViolationDeg=0 linearSpeed=0 angularSpeed=0 total=114
[MMD RECOVERY] chain=6 localBodies=5 chainBodies=24 reason=runaway seedBody=425:"宸d_19" joint=none abnormalMs=700 positionError=7.59172 linearViolation=0 angularViolationDeg=0 linearSpeed=0 angularSpeed=0 total=115
[PHYSICS STATS] build=RelWithDebInfo fps=143.178 frameMs=6.9843 physicsMs=3.1307 peakPhysicsMs=14.915 fixedMs=16.6667 substeps=1 peakSubsteps=4 stabilizationSubsteps=0 accumulatorMs=0.276897 droppedMs=0 peakDroppedMs=48.2805 catchUpLimited=false bodies=495 static=0 dynamic=457 kinematic=38 ccdBodies=325 boxMarginMin=0.008 boxMarginMax=0.04 solverIterations=15 splitImpulse=true splitImpulseThreshold=-0.02 recoveryChains=9 recoveryPhysicsTicks=7879 recoveries=115 recoveredBodies=679 largestRecoveryRegion=13 pendingRecoveryChains=1 recoveryCooldownChains=3 recoveryFusedChains=1 recoveryFuseTrips=23 suppressedRecoveries=27 mode2Sync=TRANSLATION_DELTA fidelityDebug=ALL drivenBones=457 mode2Bodies=383 sampledVertices=128 bulletBonePosMax=0.545976 bulletBonePosAvg=0.0708789 bulletBoneRotMaxDeg=0.0395647 bulletBoneRotAvgDeg=0.000259724 mode2DeltaMax=11.2067 mode2DeltaAvg=1.35724 active=495 sleeping=0 constraints=565 manifolds=1599 contacts=463 peakContacts=924 finite=true
[PHYSICS STATS] build=RelWithDebInfo fps=147.083 frameMs=6.7989 physicsMs=2.7492 peakPhysicsMs=14.915 fixedMs=16.6667 substeps=1 peakSubsteps=4 stabilizationSubsteps=0 accumulatorMs=1.14564 droppedMs=0 peakDroppedMs=48.2805 catchUpLimited=false bodies=495 static=0 dynamic=457 kinematic=38 ccdBodies=325 boxMarginMin=0.008 boxMarginMax=0.04 solverIterations=15 splitImpulse=true splitImpulseThreshold=-0.02 recoveryChains=9 recoveryPhysicsTicks=7939 recoveries=115 recoveredBodies=679 largestRecoveryRegion=13 pendingRecoveryChains=2 recoveryCooldownChains=3 recoveryFusedChains=1 recoveryFuseTrips=23 suppressedRecoveries=27 mode2Sync=TRANSLATION_DELTA fidelityDebug=ALL drivenBones=457 mode2Bodies=383 sampledVertices=128 bulletBonePosMax=0.417494 bulletBonePosAvg=0.0736006 bulletBoneRotMaxDeg=0.0395647 bulletBoneRotAvgDeg=8.65748e-05 mode2DeltaMax=11.8707 mode2DeltaAvg=1.60449 active=495 sleeping=0 constraints=565 manifolds=1627 contacts=473 peakContacts=924 finite=true
[MMD RECOVERY FUSE] chain=1 reason=runaway remainingMs=7250.02 suppressed=28
[PHYSICS STATS] build=RelWithDebInfo fps=183.925 frameMs=5.437 physicsMs=3.0413 peakPhysicsMs=14.915 fixedMs=16.6667 substeps=1 peakSubsteps=4 stabilizationSubsteps=0 accumulatorMs=5.25819 droppedMs=0 peakDroppedMs=48.2805 catchUpLimited=false bodies=495 static=0 dynamic=457 kinematic=38 ccdBodies=325 boxMarginMin=0.008 boxMarginMax=0.04 solverIterations=15 splitImpulse=true splitImpulseThreshold=-0.02 recoveryChains=9 recoveryPhysicsTicks=7999 recoveries=115 recoveredBodies=679 largestRecoveryRegion=13 pendingRecoveryChains=1 recoveryCooldownChains=2 recoveryFusedChains=1 recoveryFuseTrips=23 suppressedRecoveries=28 mode2Sync=TRANSLATION_DELTA fidelityDebug=ALL drivenBones=457 mode2Bodies=383 sampledVertices=128 bulletBonePosMax=0.515399 bulletBonePosAvg=0.0972559 bulletBoneRotMaxDeg=0.0395647 bulletBoneRotAvgDeg=0.00017315 mode2DeltaMax=18.0922 mode2DeltaAvg=1.97488 active=495 sleeping=0 constraints=565 manifolds=1642 contacts=466 peakContacts=924 finite=true
[PHYSICS STATS] build=RelWithDebInfo fps=130.791 frameMs=7.6458 physicsMs=2.8845 peakPhysicsMs=14.915 fixedMs=16.6667 substeps=1 peakSubsteps=4 stabilizationSubsteps=0 accumulatorMs=7.22844 droppedMs=0 peakDroppedMs=48.2805 catchUpLimited=false bodies=495 static=0 dynamic=457 kinematic=38 ccdBodies=325 boxMarginMin=0.008 boxMarginMax=0.04 solverIterations=15 splitImpulse=true splitImpulseThreshold=-0.02 recoveryChains=9 recoveryPhysicsTicks=8059 recoveries=115 recoveredBodies=679 largestRecoveryRegion=13 pendingRecoveryChains=2 recoveryCooldownChains=0 recoveryFusedChains=1 recoveryFuseTrips=23 suppressedRecoveries=28 mode2Sync=TRANSLATION_DELTA fidelityDebug=ALL drivenBones=457 mode2Bodies=383 sampledVertices=128 bulletBonePosMax=0.554987 bulletBonePosAvg=0.10085 bulletBoneRotMaxDeg=0.0395647 bulletBoneRotAvgDeg=0.00017315 mode2DeltaMax=19.6315 mode2DeltaAvg=2.04071 active=495 sleeping=0 constraints=565 manifolds=1615 contacts=478 peakContacts=924 finite=true
[PHYSICS STATS] build=RelWithDebInfo fps=166.063 frameMs=6.0218 physicsMs=0.6329 peakPhysicsMs=24.5098 fixedMs=16.6667 substeps=0 peakSubsteps=4 stabilizationSubsteps=0 accumulatorMs=6.04944 droppedMs=0 peakDroppedMs=48.2805 catchUpLimited=false bodies=495 static=0 dynamic=457 kinematic=38 ccdBodies=325 boxMarginMin=0.008 boxMarginMax=0.04 solverIterations=15 splitImpulse=true splitImpulseThreshold=-0.02 recoveryChains=9 recoveryPhysicsTicks=8117 recoveries=115 recoveredBodies=679 largestRecoveryRegion=13 pendingRecoveryChains=4 recoveryCooldownChains=0 recoveryFusedChains=1 recoveryFuseTrips=23 suppressedRecoveries=28 mode2Sync=TRANSLATION_DELTA fidelityDebug=ALL drivenBones=457 mode2Bodies=383 sampledVertices=128 bulletBonePosMax=0.5243 bulletBonePosAvg=0.0947401 bulletBoneRotMaxDeg=0.0395647 bulletBoneRotAvgDeg=0.00017315 mode2DeltaMax=8.4384 mode2DeltaAvg=1.74926 active=495 sleeping=0 constraints=565 manifolds=1624 contacts=486 peakContacts=924 finite=true
[MMD RECOVERY] chain=0 localBodies=5 chainBodies=290 reason=runaway seedBody=268:"Skirt_11_1" joint=none abnormalMs=450 positionError=6.01422 linearViolation=0 angularViolationDeg=0 linearSpeed=0 angularSpeed=0 total=116
[MMD RECOVERY FUSE] chain=1 reason=runaway remainingMs=4049.98 suppressed=29
[MMD RECOVERY] chain=6 localBodies=5 chainBodies=24 reason=runaway seedBody=425:"宸d_19" joint=none abnormalMs=450 positionError=6.99394 linearViolation=0 angularViolationDeg=0 linearSpeed=0 angularSpeed=0 total=117
[MMD RECOVERY FUSE] chain=6 tripped=true durationMs=10000 recoveriesInWindow=3 totalTrips=24
[PHYSICS STATS] build=RelWithDebInfo fps=1120.07 frameMs=0.8928 physicsMs=0.6372 peakPhysicsMs=24.5098 fixedMs=16.6667 substeps=0 peakSubsteps=4 stabilizationSubsteps=0 accumulatorMs=6.87239 droppedMs=0 peakDroppedMs=48.2805 catchUpLimited=false bodies=495 static=0 dynamic=457 kinematic=38 ccdBodies=325 boxMarginMin=0.008 boxMarginMax=0.04 solverIterations=15 splitImpulse=true splitImpulseThreshold=-0.02 recoveryChains=9 recoveryPhysicsTicks=8177 recoveries=117 recoveredBodies=689 largestRecoveryRegion=13 pendingRecoveryChains=2 recoveryCooldownChains=2 recoveryFusedChains=2 recoveryFuseTrips=24 suppressedRecoveries=29 mode2Sync=TRANSLATION_DELTA fidelityDebug=ALL drivenBones=457 mode2Bodies=383 sampledVertices=128 bulletBonePosMax=0.427003 bulletBonePosAvg=0.0908768 bulletBoneRotMaxDeg=0.0395647 bulletBoneRotAvgDeg=0.000259724 mode2DeltaMax=9.91179 mode2DeltaAvg=1.88574 active=495 sleeping=0 constraints=565 manifolds=1542 contacts=457 peakContacts=924 finite=true
[MMD RECOVERY FUSE] chain=1 reason=runaway remainingMs=3299.98 suppressed=30
[INFO] Application was closed
-- Selecting Windows SDK version 10.0.26100.0 to target Windows 10.0.26200.
-- Including Win32 support
-- Shared libraries disabled
-- compiling zlib from sources
-- Build an import-only version of Assimp.
-- Enabled importer formats: OBJ GLTF MMD
-- Disabled importer formats: AMF 3DS AC ASE ASSBIN B3D BVH COLLADA DXF CSM HMP IRRMESH IQM IRR LWO LWS M3D MD2 MD3 MD5 MDC MDL NFF NDO OFF OGRE OPENGEX PLY MS3D COB BLEND IFC XGL FBX Q3D Q3BSP RAW SIB SMD STL TERRAGEN 3D X X3D 3MF
-- Configuring done
-- Generating done
-- Build files have been written to: C:/Users/hoyo/Desktop/temp/learn/FGGP/build
閫傜敤浜?.NET Framework MSBuild 鐗堟湰 17.14.23+b0019275e

  Checking Build System
  glfw.vcxproj -> C:\Users\hoyo\Desktop\temp\learn\FGGP\build\third-party\glfw\src\RelWithDebInfo\glfw3.lib
  Building Custom Rule C:/Users/hoyo/Desktop/temp/learn/FGGP/third-party/assimp/contrib/zlib/CMakeLists.txt
  LinearMath.vcxproj -> C:\Users\hoyo\Desktop\temp\learn\FGGP\build\third-party\bullet3\LinearMath\RelWithDebInfo\LinearMath.lib
  BulletDynamics.vcxproj -> C:\Users\hoyo\Desktop\temp\learn\FGGP\build\third-party\bullet3\BulletDynamics\RelWithDebInfo\BulletDynamics.lib
  zlibstatic.vcxproj -> C:\Users\hoyo\Desktop\temp\learn\FGGP\build\third-party\assimp\contrib\zlib\RelWithDebInfo\zlibstatic.lib
  BulletCollision.vcxproj -> C:\Users\hoyo\Desktop\temp\learn\FGGP\build\third-party\bullet3\BulletCollision\RelWithDebInfo\BulletCollision.lib
  Building Custom Rule C:/Users/hoyo/Desktop/temp/learn/FGGP/CMakeLists.txt
  glad.vcxproj -> C:\Users\hoyo\Desktop\temp\learn\FGGP\build\RelWithDebInfo\glad.lib
  assimp.vcxproj -> C:\Users\hoyo\Desktop\temp\learn\FGGP\build\third-party\assimp\lib\RelWithDebInfo\assimp-vc143-mt.lib
  Building Custom Rule C:/Users/hoyo/Desktop/temp/learn/FGGP/CMakeLists.txt
  wisteria_core.vcxproj -> C:\Users\hoyo\Desktop\temp\learn\FGGP\build\RelWithDebInfo\wisteria_core.lib
  Building Custom Rule C:/Users/hoyo/Desktop/temp/learn/FGGP/CMakeLists.txt
  Building Custom Rule C:/Users/hoyo/Desktop/temp/learn/FGGP/CMakeLists.txt
  wisteria_tests.vcxproj -> C:\Users\hoyo\Desktop\temp\learn\FGGP\build\RelWithDebInfo\wisteria_tests.exe
  wisteria.vcxproj -> C:\Users\hoyo\Desktop\temp\learn\FGGP\build\RelWithDebInfo\wisteria.exe
  Building Custom Rule C:/Users/hoyo/Desktop/temp/learn/FGGP/CMakeLists.txt
[INFO] Full-body demo loaded VMD: C:\Users\hoyo\Desktop\temp\learn\FGGP\assets\motions\皮卡皮卡皮卡丘+\身体动作.vmd
[MMD INIT STAGE] stage=before-reset steps=0 finite=true maxJointPos=7.89582e-06 maxJointRotDeg=0.0395647 maxLinearViolation=7.62939e-06 maxAngularViolationDeg=2.90283e-05 stabilizationLinearViolation=7.62939e-06 stabilizationAngularViolationDeg=2.90283e-05 ignoredWideTravelJoints=48 severeJoints=0 jointIndex=274 joint="Skirt_1_1" bodyA="Skirt_0_1" bodyB="Skirt_1_1" linearViolationJointIndex=274 linearViolationJoint="Skirt_1_1" angularViolationJointIndex=44 angularViolationJoint="B"
[MMD INIT STAGE] stage=after-reset steps=0 finite=true maxJointPos=13.0718 maxJointRotDeg=94.7784 maxLinearViolation=7.62939e-06 maxAngularViolationDeg=97.5159 stabilizationLinearViolation=7.62939e-06 stabilizationAngularViolationDeg=1.96368e-05 ignoredWideTravelJoints=48 severeJoints=0 jointIndex=510 joint="S" bodyA="B" bodyB="B" linearViolationJointIndex=157 linearViolationJoint="Ctr_L_HairB_01" angularViolationJointIndex=510 angularViolationJoint="S"
[MMD ALIGN] bodies=495 joints=568 bindSpace=identity skinBindMax=5.96046e-08 bindPosMax=2.98023e-08 bindRotMaxDeg=0 createBulletPosMax=5.96046e-08 createBulletRotMaxDeg=0 postResetPosMax=5.96046e-08 postResetRotMaxDeg=0.0395647
[INFO] MMD full-body demo: demoExternalVmd | tracks=55 | rigidBodies=495
[PHYSICS STATS] build=RelWithDebInfo fps=0 frameMs=0 physicsMs=0 peakPhysicsMs=0 fixedMs=16.6667 substeps=0 peakSubsteps=0 stabilizationSubsteps=0 accumulatorMs=0 droppedMs=0 peakDroppedMs=0 catchUpLimited=false bodies=0 static=0 dynamic=0 kinematic=0 ccdBodies=0 boxMarginMin=0 boxMarginMax=0 solverIterations=0 splitImpulse=false splitImpulseThreshold=0 recoveryChains=9 recoveryPhysicsTicks=0 recoveries=0 recoveredBodies=0 largestRecoveryRegion=0 pendingRecoveryChains=0 recoveryCooldownChains=0 recoveryFusedChains=0 recoveryFuseTrips=0 suppressedRecoveries=0 mode2Sync=ROTATION_ONLY fidelityDebug=OFF drivenBones=0 mode2Bodies=0 sampledVertices=0 bulletBonePosMax=0 bulletBonePosAvg=0 bulletBoneRotMaxDeg=0 bulletBoneRotAvgDeg=0 mode2DeltaMax=0 mode2DeltaAvg=0 active=0 sleeping=0 constraints=0 manifolds=0 contacts=0 peakContacts=0 finite=true
[MMD INIT STAGE] stage=before-reset steps=0 finite=true maxJointPos=13.0718 maxJointRotDeg=94.7784 maxLinearViolation=7.62939e-06 maxAngularViolationDeg=97.5159 stabilizationLinearViolation=7.62939e-06 stabilizationAngularViolationDeg=1.96368e-05 ignoredWideTravelJoints=48 severeJoints=0 jointIndex=510 joint="S" bodyA="B" bodyB="B" linearViolationJointIndex=157 linearViolationJoint="Ctr_L_HairB_01" angularViolationJointIndex=510 angularViolationJoint="S"
[MMD INIT STAGE] stage=after-reset steps=0 finite=true maxJointPos=13.0713 maxJointRotDeg=94.7755 maxLinearViolation=7.62939e-06 maxAngularViolationDeg=97.5119 stabilizationLinearViolation=7.62939e-06 stabilizationAngularViolationDeg=2.04906e-05 ignoredWideTravelJoints=48 severeJoints=0 jointIndex=512 joint="S" bodyA="B" bodyB="B" linearViolationJointIndex=274 linearViolationJoint="Skirt_1_1" angularViolationJointIndex=510 angularViolationJoint="S"
[MMD INIT STAGE] stage=pre-warmup-reset steps=0 finite=true maxJointPos=13.0713 maxJointRotDeg=94.7755 maxLinearViolation=7.62939e-06 maxAngularViolationDeg=97.5119 stabilizationLinearViolation=7.62939e-06 stabilizationAngularViolationDeg=2.04906e-05 ignoredWideTravelJoints=48 severeJoints=0 jointIndex=512 joint="S" bodyA="B" bodyB="B" linearViolationJointIndex=274 linearViolationJoint="Skirt_1_1" angularViolationJointIndex=510 angularViolationJoint="S"
[MMD INIT] warmup=not_required maxLinearViolation=7.62939e-06 maxAngularViolationDeg=2.04906e-05
[MMD RECOVERY] chain=6 localBodies=5 chainBodies=24 reason=runaway seedBody=425:"宸d_19" joint=none abnormalMs=450 positionError=9.96722 linearViolation=0 angularViolationDeg=0 linearSpeed=0 angularSpeed=0 total=1
[MMD RECOVERY] chain=5 localBodies=5 chainBodies=24 reason=runaway seedBody=444:"鍙硍d_19" joint=none abnormalMs=450 positionError=9.73837 linearViolation=0 angularViolationDeg=0 linearSpeed=0 angularSpeed=0 total=2
[PHYSICS STATS] build=RelWithDebInfo fps=613.234 frameMs=1.6307 physicsMs=0.4653 peakPhysicsMs=12.2159 fixedMs=16.6667 substeps=0 peakSubsteps=4 stabilizationSubsteps=0 accumulatorMs=15.0249 droppedMs=0 peakDroppedMs=33.6111 catchUpLimited=false bodies=495 static=0 dynamic=457 kinematic=38 ccdBodies=325 boxMarginMin=0.008 boxMarginMax=0.04 solverIterations=15 splitImpulse=true splitImpulseThreshold=-0.02 recoveryChains=9 recoveryPhysicsTicks=57 recoveries=2 recoveredBodies=10 largestRecoveryRegion=5 pendingRecoveryChains=1 recoveryCooldownChains=2 recoveryFusedChains=0 recoveryFuseTrips=0 suppressedRecoveries=0 mode2Sync=ROTATION_ONLY fidelityDebug=OFF drivenBones=457 mode2Bodies=383 sampledVertices=0 bulletBonePosMax=8.53263 bulletBonePosAvg=0.972227 bulletBoneRotMaxDeg=0 bulletBoneRotAvgDeg=0 mode2DeltaMax=8.5008 mode2DeltaAvg=1.20576 active=495 sleeping=0 constraints=565 manifolds=1505 contacts=502 peakContacts=762 finite=true
[MMD RECOVERY] chain=1 localBodies=5 chainBodies=99 reason=runaway seedBody=328:"Skirt_19_1" joint=none abnormalMs=450 positionError=9.533 linearViolation=0 angularViolationDeg=0 linearSpeed=0 angularSpeed=0 total=3
[PHYSICS STATS] build=RelWithDebInfo fps=579.643 frameMs=1.7252 physicsMs=0.3748 peakPhysicsMs=12.2159 fixedMs=16.6667 substeps=0 peakSubsteps=4 stabilizationSubsteps=0 accumulatorMs=15.6381 droppedMs=0 peakDroppedMs=33.6111 catchUpLimited=false bodies=495 static=0 dynamic=457 kinematic=38 ccdBodies=325 boxMarginMin=0.008 boxMarginMax=0.04 solverIterations=15 splitImpulse=true splitImpulseThreshold=-0.02 recoveryChains=9 recoveryPhysicsTicks=117 recoveries=3 recoveredBodies=15 largestRecoveryRegion=5 pendingRecoveryChains=3 recoveryCooldownChains=3 recoveryFusedChains=0 recoveryFuseTrips=0 suppressedRecoveries=0 mode2Sync=ROTATION_ONLY fidelityDebug=OFF drivenBones=457 mode2Bodies=383 sampledVertices=0 bulletBonePosMax=8.04101 bulletBonePosAvg=1.12214 bulletBoneRotMaxDeg=0.0395647 bulletBoneRotAvgDeg=8.65748e-05 mode2DeltaMax=8.16809 mode2DeltaAvg=1.4008 active=495 sleeping=0 constraints=565 manifolds=1556 contacts=491 peakContacts=762 finite=true
[PHYSICS STATS] build=RelWithDebInfo fps=280.245 frameMs=3.5683 physicsMs=0.4394 peakPhysicsMs=12.2159 fixedMs=16.6667 substeps=0 peakSubsteps=4 stabilizationSubsteps=0 accumulatorMs=15.8173 droppedMs=0 peakDroppedMs=33.6111 catchUpLimited=false bodies=495 static=0 dynamic=457 kinematic=38 ccdBodies=325 boxMarginMin=0.008 boxMarginMax=0.04 solverIterations=15 splitImpulse=true splitImpulseThreshold=-0.02 recoveryChains=9 recoveryPhysicsTicks=177 recoveries=3 recoveredBodies=15 largestRecoveryRegion=5 pendingRecoveryChains=1 recoveryCooldownChains=3 recoveryFusedChains=0 recoveryFuseTrips=0 suppressedRecoveries=0 mode2Sync=ROTATION_ONLY fidelityDebug=OFF drivenBones=457 mode2Bodies=383 sampledVertices=0 bulletBonePosMax=8.83972 bulletBonePosAvg=1.26458 bulletBoneRotMaxDeg=0.0395647 bulletBoneRotAvgDeg=0.000346299 mode2DeltaMax=9.01388 mode2DeltaAvg=1.57512 active=495 sleeping=0 constraints=565 manifolds=1582 contacts=502 peakContacts=762 finite=true
[MMD RECOVERY] chain=5 localBodies=5 chainBodies=24 reason=runaway seedBody=444:"鍙硍d_19" joint=none abnormalMs=233.333 positionError=10.05 linearViolation=0 angularViolationDeg=0 linearSpeed=0 angularSpeed=0 total=4
[MMD RECOVERY] chain=6 localBodies=5 chainBodies=24 reason=runaway seedBody=425:"宸d_19" joint=none abnormalMs=700 positionError=7.6732 linearViolation=0 angularViolationDeg=0 linearSpeed=0 angularSpeed=0 total=5
[MMD RECOVERY] chain=1 localBodies=5 chainBodies=99 reason=runaway seedBody=328:"Skirt_19_1" joint=none abnormalMs=1000 positionError=11.7668 linearViolation=0 angularViolationDeg=0 linearSpeed=0 angularSpeed=0 total=6
[MMD RECOVERY] chain=1 localBodies=5 chainBodies=99 reason=runaway seedBody=328:"Skirt_19_1" joint=none abnormalMs=500 positionError=12.0201 linearViolation=0 angularViolationDeg=0 linearSpeed=0 angularSpeed=0 total=7
[MMD RECOVERY FUSE] chain=1 tripped=true durationMs=10000 recoveriesInWindow=3 totalTrips=1
[MMD RECOVERY FUSE] chain=1 reason=runaway remainingMs=9666.67 suppressed=1
[MMD RECOVERY] chain=0 localBodies=5 chainBodies=290 reason=runaway seedBody=217:"Skirt_11_1" joint=none abnormalMs=450 positionError=7.56848 linearViolation=0 angularViolationDeg=0 linearSpeed=0 angularSpeed=0 total=8
[MMD ALIGN] debug overlay=BIND (1)
[MMD RECOVERY] chain=6 localBodies=5 chainBodies=24 reason=runaway seedBody=425:"宸d_19" joint=none abnormalMs=450 positionError=6.92786 linearViolation=0 angularViolationDeg=0 linearSpeed=0 angularSpeed=0 total=9
[MMD RECOVERY FUSE] chain=6 tripped=true durationMs=10000 recoveriesInWindow=3 totalTrips=2
[MMD RECOVERY] chain=0 localBodies=5 chainBodies=290 reason=runaway seedBody=268:"Skirt_11_1" joint=none abnormalMs=2000 positionError=7.43306 linearViolation=0 angularViolationDeg=0 linearSpeed=0 angularSpeed=0 total=10
[MMD FIDELITY] debug=BONE
[MMD ALIGN] debug overlay=RESET (2)
[MMD INIT STAGE] stage=before-reset steps=0 finite=true maxJointPos=18.5725 maxJointRotDeg=107.524 maxLinearViolation=1.21395 maxAngularViolationDeg=69.6764 stabilizationLinearViolation=1.21395 stabilizationAngularViolationDeg=69.6764 ignoredWideTravelJoints=48 severeJoints=25 jointIndex=107 joint="S" bodyA="B" bodyB="B" linearViolationJointIndex=180 linearViolationJoint="Skirt_17_1" angularViolationJointIndex=96 angularViolationJoint="B"
[MMD INIT STAGE] stage=after-reset steps=0 finite=true maxJointPos=13.0702 maxJointRotDeg=94.7697 maxLinearViolation=7.62939e-06 maxAngularViolationDeg=97.5041 stabilizationLinearViolation=7.62939e-06 stabilizationAngularViolationDeg=2.84947e-05 ignoredWideTravelJoints=48 severeJoints=0 jointIndex=512 joint="S" bodyA="B" bodyB="B" linearViolationJointIndex=35 linearViolationJoint="B" angularViolationJointIndex=510 angularViolationJoint="S"
[MMD INIT STAGE] stage=pre-warmup-reset steps=0 finite=true maxJointPos=13.0702 maxJointRotDeg=94.7697 maxLinearViolation=7.62939e-06 maxAngularViolationDeg=97.5041 stabilizationLinearViolation=7.62939e-06 stabilizationAngularViolationDeg=2.84947e-05 ignoredWideTravelJoints=48 severeJoints=0 jointIndex=512 joint="S" bodyA="B" bodyB="B" linearViolationJointIndex=35 linearViolationJoint="B" angularViolationJointIndex=510 angularViolationJoint="S"
[MMD INIT] warmup=not_required maxLinearViolation=7.62939e-06 maxAngularViolationDeg=2.84947e-05
[MMD ALIGN] debug overlay=RUNTIME (3)
[MMD RECOVERY] chain=6 localBodies=5 chainBodies=24 reason=runaway seedBody=425:"宸d_19" joint=none abnormalMs=450 positionError=9.96937 linearViolation=0 angularViolationDeg=0 linearSpeed=0 angularSpeed=0 total=11
[MMD RECOVERY] chain=5 localBodies=5 chainBodies=24 reason=runaway seedBody=444:"鍙硍d_19" joint=none abnormalMs=450 positionError=9.73316 linearViolation=0 angularViolationDeg=0 linearSpeed=0 angularSpeed=0 total=12
[MMD RECOVERY] chain=1 localBodies=12 chainBodies=99 reason=joint_violation seedBody=311:"Skirt_2_1" joint=316:"Skirt_3_1" abnormalMs=450 positionError=1.8311 linearViolation=1.77772 angularViolationDeg=4.26007 linearSpeed=0 angularSpeed=0 total=13
[MMD RECOVERY] chain=1 localBodies=5 chainBodies=99 reason=runaway seedBody=328:"Skirt_19_1" joint=none abnormalMs=433.333 positionError=12.2317 linearViolation=0 angularViolationDeg=0 linearSpeed=0 angularSpeed=0 total=14
[MMD RECOVERY] chain=1 localBodies=5 chainBodies=99 reason=runaway seedBody=328:"Skirt_19_1" joint=none abnormalMs=133.333 positionError=12.1659 linearViolation=0 angularViolationDeg=0 linearSpeed=0 angularSpeed=0 total=15
[MMD RECOVERY FUSE] chain=1 tripped=true durationMs=10000 recoveriesInWindow=3 totalTrips=3
[MMD RECOVERY FUSE] chain=1 reason=runaway remainingMs=9666.67 suppressed=2
[MMD RECOVERY] chain=5 localBodies=5 chainBodies=24 reason=runaway seedBody=444:"鍙硍d_19" joint=none abnormalMs=250 positionError=10.1344 linearViolation=0 angularViolationDeg=0 linearSpeed=0 angularSpeed=0 total=16
[MMD RECOVERY] chain=6 localBodies=5 chainBodies=24 reason=runaway seedBody=425:"宸d_19" joint=none abnormalMs=716.667 positionError=7.62835 linearViolation=0 angularViolationDeg=0 linearSpeed=0 angularSpeed=0 total=17
[MMD ALIGN] debug overlay=ALL (4)
[MMD ALIGN] debug overlay=OFF (0)
[MMD FIDELITY] mode2=FULL_BODY
[MMD RECOVERY] chain=0 localBodies=5 chainBodies=290 reason=runaway seedBody=308:"Skirt_19_1" joint=none abnormalMs=450 positionError=8.00438 linearViolation=0 angularViolationDeg=0 linearSpeed=0 angularSpeed=0 total=18
[MMD RECOVERY] chain=6 localBodies=5 chainBodies=24 reason=runaway seedBody=425:"宸d_19" joint=none abnormalMs=450 positionError=6.93163 linearViolation=0 angularViolationDeg=0 linearSpeed=0 angularSpeed=0 total=19
[MMD RECOVERY FUSE] chain=6 tripped=true durationMs=10000 recoveriesInWindow=3 totalTrips=4
[MMD RECOVERY] chain=0 localBodies=5 chainBodies=290 reason=runaway seedBody=268:"Skirt_11_1" joint=none abnormalMs=2033.33 positionError=6.99582 linearViolation=0 angularViolationDeg=0 linearSpeed=0 angularSpeed=0 total=20
[MMD INIT STAGE] stage=before-reset steps=0 finite=true maxJointPos=13.1447 maxJointRotDeg=76.2568 maxLinearViolation=1.5202 maxAngularViolationDeg=62.7277 stabilizationLinearViolation=1.5202 stabilizationAngularViolationDeg=62.7277 ignoredWideTravelJoints=48 severeJoints=23 jointIndex=74 joint="S" bodyA="B" bodyB="B" linearViolationJointIndex=316 linearViolationJoint="Skirt_3_1" angularViolationJointIndex=65 angularViolationJoint="B"
[MMD INIT STAGE] stage=after-reset steps=0 finite=true maxJointPos=13.0718 maxJointRotDeg=94.7784 maxLinearViolation=7.62939e-06 maxAngularViolationDeg=97.5159 stabilizationLinearViolation=7.62939e-06 stabilizationAngularViolationDeg=1.96368e-05 ignoredWideTravelJoints=48 severeJoints=0 jointIndex=510 joint="S" bodyA="B" bodyB="B" linearViolationJointIndex=157 linearViolationJoint="Ctr_L_HairB_01" angularViolationJointIndex=510 angularViolationJoint="S"
[MMD INIT STAGE] stage=pre-warmup-reset steps=0 finite=true maxJointPos=13.0718 maxJointRotDeg=94.7784 maxLinearViolation=7.62939e-06 maxAngularViolationDeg=97.5159 stabilizationLinearViolation=7.62939e-06 stabilizationAngularViolationDeg=1.96368e-05 ignoredWideTravelJoints=48 severeJoints=0 jointIndex=510 joint="S" bodyA="B" bodyB="B" linearViolationJointIndex=157 linearViolationJoint="Ctr_L_HairB_01" angularViolationJointIndex=510 angularViolationJoint="S"
[MMD INIT] warmup=not_required maxLinearViolation=7.62939e-06 maxAngularViolationDeg=1.96368e-05
[MMD INIT STAGE] stage=before-reset steps=0 finite=true maxJointPos=13.0718 maxJointRotDeg=94.7784 maxLinearViolation=7.62939e-06 maxAngularViolationDeg=97.5159 stabilizationLinearViolation=7.62939e-06 stabilizationAngularViolationDeg=1.96368e-05 ignoredWideTravelJoints=48 severeJoints=0 jointIndex=510 joint="S" bodyA="B" bodyB="B" linearViolationJointIndex=157 linearViolationJoint="Ctr_L_HairB_01" angularViolationJointIndex=510 angularViolationJoint="S"
[MMD INIT STAGE] stage=after-reset steps=0 finite=true maxJointPos=13.0635 maxJointRotDeg=94.7332 maxLinearViolation=9.53674e-06 maxAngularViolationDeg=97.4545 stabilizationLinearViolation=9.53674e-06 stabilizationAngularViolationDeg=2.44126e-05 ignoredWideTravelJoints=48 severeJoints=0 jointIndex=510 joint="S" bodyA="B" bodyB="B" linearViolationJointIndex=294 linearViolationJoint="Skirt_1_1" angularViolationJointIndex=510 angularViolationJoint="S"
[MMD INIT STAGE] stage=pre-warmup-reset steps=0 finite=true maxJointPos=13.0635 maxJointRotDeg=94.7332 maxLinearViolation=9.53674e-06 maxAngularViolationDeg=97.4545 stabilizationLinearViolation=9.53674e-06 stabilizationAngularViolationDeg=2.44126e-05 ignoredWideTravelJoints=48 severeJoints=0 jointIndex=510 joint="S" bodyA="B" bodyB="B" linearViolationJointIndex=294 linearViolationJoint="Skirt_1_1" angularViolationJointIndex=510 angularViolationJoint="S"
[MMD INIT] warmup=not_required maxLinearViolation=9.53674e-06 maxAngularViolationDeg=2.44126e-05
[MMD RECOVERY] chain=6 localBodies=5 chainBodies=24 reason=runaway seedBody=425:"宸d_19" joint=none abnormalMs=450 positionError=9.95568 linearViolation=0 angularViolationDeg=0 linearSpeed=0 angularSpeed=0 total=21
[MMD RECOVERY] chain=5 localBodies=5 chainBodies=24 reason=runaway seedBody=444:"鍙硍d_19" joint=none abnormalMs=450 positionError=9.72313 linearViolation=0 angularViolationDeg=0 linearSpeed=0 angularSpeed=0 total=22
[MMD RECOVERY] chain=1 localBodies=5 chainBodies=99 reason=runaway seedBody=328:"Skirt_19_1" joint=none abnormalMs=283.333 positionError=12.0125 linearViolation=0 angularViolationDeg=0 linearSpeed=0 angularSpeed=0 total=23
[MMD RECOVERY] chain=1 localBodies=5 chainBodies=99 reason=runaway seedBody=328:"Skirt_19_1" joint=none abnormalMs=150 positionError=12.0678 linearViolation=0 angularViolationDeg=0 linearSpeed=0 angularSpeed=0 total=24
[MMD RECOVERY] chain=1 localBodies=5 chainBodies=99 reason=runaway seedBody=328:"Skirt_19_1" joint=none abnormalMs=33.3333 positionError=12.0571 linearViolation=0 angularViolationDeg=0 linearSpeed=0 angularSpeed=0 total=25
[MMD RECOVERY FUSE] chain=1 tripped=true durationMs=10000 recoveriesInWindow=3 totalTrips=5
[MMD RECOVERY FUSE] chain=1 reason=runaway remainingMs=9816.67 suppressed=3
[MMD RECOVERY FUSE] chain=1 reason=runaway remainingMs=9533.34 suppressed=4
[MMD RECOVERY] chain=5 localBodies=5 chainBodies=24 reason=runaway seedBody=444:"鍙硍d_19" joint=none abnormalMs=233.333 positionError=10.0304 linearViolation=0 angularViolationDeg=0 linearSpeed=0 angularSpeed=0 total=26
[MMD RECOVERY] chain=6 localBodies=5 chainBodies=24 reason=runaway seedBody=425:"宸d_19" joint=none abnormalMs=700 positionError=7.64473 linearViolation=0 angularViolationDeg=0 linearSpeed=0 angularSpeed=0 total=27
[MMD RECOVERY FUSE] chain=1 reason=runaway remainingMs=7066.68 suppressed=5
[MMD RECOVERY FUSE] chain=1 reason=runaway remainingMs=6700.01 suppressed=6
[MMD RECOVERY] chain=0 localBodies=5 chainBodies=290 reason=runaway seedBody=288:"Skirt_19_1" joint=none abnormalMs=450 positionError=6.94933 linearViolation=0 angularViolationDeg=0 linearSpeed=0 angularSpeed=0 total=28
[MMD RECOVERY] chain=6 localBodies=5 chainBodies=24 reason=runaway seedBody=425:"宸d_19" joint=none abnormalMs=450 positionError=6.93233 linearViolation=0 angularViolationDeg=0 linearSpeed=0 angularSpeed=0 total=29
[MMD RECOVERY FUSE] chain=6 tripped=true durationMs=10000 recoveriesInWindow=3 totalTrips=6
[MMD RECOVERY] chain=0 localBodies=5 chainBodies=290 reason=runaway seedBody=268:"Skirt_11_1" joint=none abnormalMs=1433.33 positionError=7.46749 linearViolation=0 angularViolationDeg=0 linearSpeed=0 angularSpeed=0 total=30
[MMD INIT STAGE] stage=before-reset steps=0 finite=true maxJointPos=12.1882 maxJointRotDeg=63.278 maxLinearViolation=1.2143 maxAngularViolationDeg=42.9638 stabilizationLinearViolation=1.2143 stabilizationAngularViolationDeg=42.9638 ignoredWideTravelJoints=48 severeJoints=17 jointIndex=102 joint="S" bodyA="B" bodyB="B" linearViolationJointIndex=315 linearViolationJoint="Skirt_2_1" angularViolationJointIndex=552 angularViolationJoint="B"
[MMD INIT STAGE] stage=after-reset steps=0 finite=true maxJointPos=13.0707 maxJointRotDeg=94.7722 maxLinearViolation=7.62939e-06 maxAngularViolationDeg=97.5075 stabilizationLinearViolation=7.62939e-06 stabilizationAngularViolationDeg=4.40761e-05 ignoredWideTravelJoints=48 severeJoints=0 jointIndex=512 joint="S" bodyA="B" bodyB="B" linearViolationJointIndex=161 linearViolationJoint="Ctr_R_HairB_02" angularViolationJointIndex=510 angularViolationJoint="S"
[MMD INIT STAGE] stage=pre-warmup-reset steps=0 finite=true maxJointPos=13.0707 maxJointRotDeg=94.7722 maxLinearViolation=7.62939e-06 maxAngularViolationDeg=97.5075 stabilizationLinearViolation=7.62939e-06 stabilizationAngularViolationDeg=4.40761e-05 ignoredWideTravelJoints=48 severeJoints=0 jointIndex=512 joint="S" bodyA="B" bodyB="B" linearViolationJointIndex=161 linearViolationJoint="Ctr_R_HairB_02" angularViolationJointIndex=510 angularViolationJoint="S"
[MMD INIT] warmup=not_required maxLinearViolation=7.62939e-06 maxAngularViolationDeg=4.40761e-05
[MMD RECOVERY] chain=6 localBodies=5 chainBodies=24 reason=runaway seedBody=425:"宸d_19" joint=none abnormalMs=450 positionError=9.9546 linearViolation=0 angularViolationDeg=0 linearSpeed=0 angularSpeed=0 total=31
[MMD RECOVERY] chain=5 localBodies=5 chainBodies=24 reason=runaway seedBody=444:"鍙硍d_19" joint=none abnormalMs=450 positionError=9.72456 linearViolation=0 angularViolationDeg=0 linearSpeed=0 angularSpeed=0 total=32
[MMD RECOVERY] chain=1 localBodies=5 chainBodies=99 reason=runaway seedBody=328:"Skirt_19_1" joint=none abnormalMs=450 positionError=9.77783 linearViolation=0 angularViolationDeg=0 linearSpeed=0 angularSpeed=0 total=33
[MMD RECOVERY] chain=1 localBodies=5 chainBodies=99 reason=runaway seedBody=328:"Skirt_19_1" joint=none abnormalMs=866.667 positionError=12.0552 linearViolation=0 angularViolationDeg=0 linearSpeed=0 angularSpeed=0 total=34
[MMD RECOVERY] chain=5 localBodies=5 chainBodies=24 reason=runaway seedBody=444:"鍙硍d_19" joint=none abnormalMs=233.333 positionError=10.1282 linearViolation=0 angularViolationDeg=0 linearSpeed=0 angularSpeed=0 total=35
[MMD RECOVERY] chain=6 localBodies=5 chainBodies=24 reason=runaway seedBody=425:"宸d_19" joint=none abnormalMs=700 positionError=7.67723 linearViolation=0 angularViolationDeg=0 linearSpeed=0 angularSpeed=0 total=36
[MMD RECOVERY] chain=1 localBodies=5 chainBodies=99 reason=runaway seedBody=328:"Skirt_19_1" joint=none abnormalMs=450 positionError=8.32433 linearViolation=0 angularViolationDeg=0 linearSpeed=0 angularSpeed=0 total=37
[MMD RECOVERY FUSE] chain=1 tripped=true durationMs=10000 recoveriesInWindow=3 totalTrips=7
[MMD RECOVERY FUSE] chain=1 reason=runaway remainingMs=9433.34 suppressed=7
[MMD RECOVERY] chain=0 localBodies=5 chainBodies=290 reason=runaway seedBody=217:"Skirt_11_1" joint=none abnormalMs=450 positionError=7.68339 linearViolation=0 angularViolationDeg=0 linearSpeed=0 angularSpeed=0 total=38
[MMD RECOVERY FUSE] chain=1 reason=runaway remainingMs=8016.7 suppressed=8
[MMD RECOVERY] chain=6 localBodies=5 chainBodies=24 reason=runaway seedBody=425:"宸d_19" joint=none abnormalMs=450 positionError=6.93145 linearViolation=0 angularViolationDeg=0 linearSpeed=0 angularSpeed=0 total=39
[MMD RECOVERY FUSE] chain=6 tripped=true durationMs=10000 recoveriesInWindow=3 totalTrips=8
[MMD RECOVERY] chain=0 localBodies=5 chainBodies=290 reason=runaway seedBody=268:"Skirt_11_1" joint=none abnormalMs=2000 positionError=7.31615 linearViolation=0 angularViolationDeg=0 linearSpeed=0 angularSpeed=0 total=40
[MMD INIT STAGE] stage=before-reset steps=0 finite=true maxJointPos=17.5422 maxJointRotDeg=79.3106 maxLinearViolation=1.68072 maxAngularViolationDeg=76.7924 stabilizationLinearViolation=1.68072 stabilizationAngularViolationDeg=76.7924 ignoredWideTravelJoints=48 severeJoints=23 jointIndex=558 joint="S" bodyA="B" bodyB="B" linearViolationJointIndex=315 linearViolationJoint="Skirt_2_1" angularViolationJointIndex=65 angularViolationJoint="B"
[MMD INIT STAGE] stage=after-reset steps=0 finite=true maxJointPos=13.0703 maxJointRotDeg=94.7704 maxLinearViolation=9.53674e-06 maxAngularViolationDeg=97.505 stabilizationLinearViolation=9.53674e-06 stabilizationAngularViolationDeg=3.45778e-05 ignoredWideTravelJoints=48 severeJoints=0 jointIndex=512 joint="S" bodyA="B" bodyB="B" linearViolationJointIndex=10 linearViolationJoint="Ctr_F_HairNewA_01" angularViolationJointIndex=510 angularViolationJoint="S"
[MMD INIT STAGE] stage=pre-warmup-reset steps=0 finite=true maxJointPos=13.0703 maxJointRotDeg=94.7704 maxLinearViolation=9.53674e-06 maxAngularViolationDeg=97.505 stabilizationLinearViolation=9.53674e-06 stabilizationAngularViolationDeg=3.45778e-05 ignoredWideTravelJoints=48 severeJoints=0 jointIndex=512 joint="S" bodyA="B" bodyB="B" linearViolationJointIndex=10 linearViolationJoint="Ctr_F_HairNewA_01" angularViolationJointIndex=510 angularViolationJoint="S"
[MMD INIT] warmup=not_required maxLinearViolation=9.53674e-06 maxAngularViolationDeg=3.45778e-05
[MMD RECOVERY] chain=6 localBodies=5 chainBodies=24 reason=runaway seedBody=425:"宸d_19" joint=none abnormalMs=450 positionError=9.9566 linearViolation=0 angularViolationDeg=0 linearSpeed=0 angularSpeed=0 total=41
[MMD FIDELITY] mode2=TRANSLATION_DELTA
[MMD RECOVERY] chain=5 localBodies=5 chainBodies=24 reason=runaway seedBody=444:"鍙硍d_19" joint=none abnormalMs=450 positionError=9.72175 linearViolation=0 angularViolationDeg=0 linearSpeed=0 angularSpeed=0 total=42
[MMD RECOVERY] chain=1 localBodies=12 chainBodies=99 reason=joint_violation seedBody=311:"Skirt_2_1" joint=316:"Skirt_3_1" abnormalMs=450 positionError=1.87202 linearViolation=1.82648 angularViolationDeg=3.22248 linearSpeed=0 angularSpeed=0 total=43
[MMD RECOVERY] chain=1 localBodies=5 chainBodies=99 reason=runaway seedBody=328:"Skirt_19_1" joint=none abnormalMs=100 positionError=12.0787 linearViolation=0 angularViolationDeg=0 linearSpeed=0 angularSpeed=0 total=44
[MMD RECOVERY] chain=1 localBodies=12 chainBodies=99 reason=runaway seedBody=399:"宸﹀悗q_7" joint=none abnormalMs=100 positionError=10.0576 linearViolation=0 angularViolationDeg=0 linearSpeed=0 angularSpeed=0 total=45
[MMD RECOVERY FUSE] chain=1 tripped=true durationMs=10000 recoveriesInWindow=3 totalTrips=9
[MMD RECOVERY FUSE] chain=1 reason=runaway remainingMs=9716.67 suppressed=9
[MMD RECOVERY] chain=5 localBodies=5 chainBodies=24 reason=runaway seedBody=444:"鍙硍d_19" joint=none abnormalMs=233.333 positionError=10.0464 linearViolation=0 angularViolationDeg=0 linearSpeed=0 angularSpeed=0 total=46
[MMD RECOVERY] chain=6 localBodies=5 chainBodies=24 reason=runaway seedBody=425:"宸d_19" joint=none abnormalMs=700 positionError=7.61404 linearViolation=0 angularViolationDeg=0 linearSpeed=0 angularSpeed=0 total=47
[MMD RECOVERY] chain=0 localBodies=5 chainBodies=290 reason=runaway seedBody=288:"Skirt_19_1" joint=none abnormalMs=450 positionError=7.37436 linearViolation=0 angularViolationDeg=0 linearSpeed=0 angularSpeed=0 total=48
[MMD FIDELITY] mode2=ROTATION_ONLY
[MMD RECOVERY] chain=6 localBodies=5 chainBodies=24 reason=runaway seedBody=425:"宸d_19" joint=none abnormalMs=450 positionError=6.92094 linearViolation=0 angularViolationDeg=0 linearSpeed=0 angularSpeed=0 total=49
[MMD RECOVERY FUSE] chain=6 tripped=true durationMs=10000 recoveriesInWindow=3 totalTrips=10
[MMD RECOVERY] chain=0 localBodies=5 chainBodies=290 reason=runaway seedBody=268:"Skirt_11_1" joint=none abnormalMs=1983.33 positionError=7.3208 linearViolation=0 angularViolationDeg=0 linearSpeed=0 angularSpeed=0 total=50
[MMD INIT STAGE] stage=before-reset steps=0 finite=true maxJointPos=17.8812 maxJointRotDeg=69.0068 maxLinearViolation=1.20691 maxAngularViolationDeg=56.8581 stabilizationLinearViolation=1.20691 stabilizationAngularViolationDeg=41.7764 ignoredWideTravelJoints=48 severeJoints=18 jointIndex=562 joint="S" bodyA="B" bodyB="B" linearViolationJointIndex=333 linearViolationJoint="Skirt_2_1B" angularViolationJointIndex=562 angularViolationJoint="S"
[MMD INIT STAGE] stage=after-reset steps=0 finite=true maxJointPos=13.0716 maxJointRotDeg=94.7773 maxLinearViolation=7.62939e-06 maxAngularViolationDeg=97.5144 stabilizationLinearViolation=7.62939e-06 stabilizationAngularViolationDeg=2.04906e-05 ignoredWideTravelJoints=48 severeJoints=0 jointIndex=512 joint="S" bodyA="B" bodyB="B" linearViolationJointIndex=294 linearViolationJoint="Skirt_1_1" angularViolationJointIndex=510 angularViolationJoint="S"
[MMD INIT STAGE] stage=pre-warmup-reset steps=0 finite=true maxJointPos=13.0716 maxJointRotDeg=94.7773 maxLinearViolation=7.62939e-06 maxAngularViolationDeg=97.5144 stabilizationLinearViolation=7.62939e-06 stabilizationAngularViolationDeg=2.04906e-05 ignoredWideTravelJoints=48 severeJoints=0 jointIndex=512 joint="S" bodyA="B" bodyB="B" linearViolationJointIndex=294 linearViolationJoint="Skirt_1_1" angularViolationJointIndex=510 angularViolationJoint="S"
[MMD INIT] warmup=not_required maxLinearViolation=7.62939e-06 maxAngularViolationDeg=2.04906e-05
[MMD RECOVERY] chain=6 localBodies=5 chainBodies=24 reason=runaway seedBody=425:"宸d_19" joint=none abnormalMs=450 positionError=9.95576 linearViolation=0 angularViolationDeg=0 linearSpeed=0 angularSpeed=0 total=51
[MMD RECOVERY] chain=5 localBodies=5 chainBodies=24 reason=runaway seedBody=444:"鍙硍d_19" joint=none abnormalMs=450 positionError=9.71943 linearViolation=0 angularViolationDeg=0 linearSpeed=0 angularSpeed=0 total=52
[MMD RECOVERY] chain=1 localBodies=12 chainBodies=99 reason=joint_violation seedBody=311:"Skirt_2_1" joint=316:"Skirt_3_1" abnormalMs=450 positionError=1.79402 linearViolation=1.78396 angularViolationDeg=4.12832 linearSpeed=0 angularSpeed=0 total=53
[MMD RECOVERY] chain=1 localBodies=5 chainBodies=99 reason=runaway seedBody=328:"Skirt_19_1" joint=none abnormalMs=533.333 positionError=12.0386 linearViolation=0 angularViolationDeg=0 linearSpeed=0 angularSpeed=0 total=54
[MMD RECOVERY] chain=1 localBodies=5 chainBodies=99 reason=runaway seedBody=328:"Skirt_19_1" joint=none abnormalMs=383.333 positionError=12.0957 linearViolation=0 angularViolationDeg=0 linearSpeed=0 angularSpeed=0 total=55
[MMD RECOVERY FUSE] chain=1 tripped=true durationMs=10000 recoveriesInWindow=3 totalTrips=11
[MMD RECOVERY FUSE] chain=1 reason=runaway remainingMs=9466.67 suppressed=10
[MMD RECOVERY FUSE] chain=1 reason=runaway remainingMs=9050.01 suppressed=11
[MMD RECOVERY] chain=5 localBodies=5 chainBodies=24 reason=runaway seedBody=444:"鍙硍d_19" joint=none abnormalMs=233.333 positionError=10.0244 linearViolation=0 angularViolationDeg=0 linearSpeed=0 angularSpeed=0 total=56
[MMD RECOVERY] chain=6 localBodies=5 chainBodies=24 reason=runaway seedBody=425:"宸d_19" joint=none abnormalMs=700 positionError=7.61619 linearViolation=0 angularViolationDeg=0 linearSpeed=0 angularSpeed=0 total=57
[MMD RECOVERY] chain=0 localBodies=5 chainBodies=290 reason=runaway seedBody=217:"Skirt_11_1" joint=none abnormalMs=450 positionError=7.1167 linearViolation=0 angularViolationDeg=0 linearSpeed=0 angularSpeed=0 total=58
[MMD RECOVERY FUSE] chain=1 reason=runaway remainingMs=3233.31 suppressed=12
[MMD RECOVERY] chain=6 localBodies=5 chainBodies=24 reason=runaway seedBody=425:"宸d_19" joint=none abnormalMs=450 positionError=6.86715 linearViolation=0 angularViolationDeg=0 linearSpeed=0 angularSpeed=0 total=59
[MMD RECOVERY FUSE] chain=6 tripped=true durationMs=10000 recoveriesInWindow=3 totalTrips=12
[INFO] Application was closed
